<entities >
  <entity name="account" displayname="Account" etc="1" primaryidfield="accountid" primarynamefield="name" disableplugins="false">
    <fields>
      <field displayname="Account Type" name="msemr_accounttype" type="optionsetvalue" customfield="true" />
      <field displayname="DBA" name="msemr_alias" type="string" customfield="true" />
      <field displayname="Primary - Address Period Start Date" name="msemr_address1periodstartdate" type="datetime" customfield="true" />
      <field displayname="Primary - Primary End Date" name="msemr_address1periodenddate" type="datetime" customfield="true" />
      <field displayname="Primary Contact Purpose" name="msemr_contact2puropose" type="entityreference" lookupType="msemr_codeableconcept" customfield="true" />
      <field displayname="Primary Contact" name="msemr_contact2" type="entityreference" lookupType="contact" customfield="true" />
      <field displayname="Primary Contact Purpose" name="msemr_contact1puropose" type="entityreference" lookupType="msemr_codeableconcept" customfield="true" />
      <field displayname="Primary Email End Date" name="msemr_telecom3enddate" type="string" customfield="true" />
      <field displayname="Primary Email Start Date" name="msemr_telecom3startdate" type="datetime" customfield="true" />
      <field displayname="Primary Phone End Date" name="msemr_telecom1enddate" type="datetime" customfield="true" />
      <field displayname="Primary Phone Start Date" name="msemr_telecom1startdate" type="datetime" customfield="true" />
      <field displayname="Rank Of Contact" name="msemr_telecom2rank" type="number" customfield="true" />
      <field displayname="Rank Of Contact" name="msemr_telecom1rank" type="number" customfield="true" />
      <field displayname="Rank Of Contact" name="msemr_telecom3rank" type="number" customfield="true" />
      <field displayname="Secondary  - Address Period End Date" name="msemr_address2periodenddate" type="datetime" customfield="true" />
      <field displayname="Secondary  - Address Period Start Date" name="msemr_address2periodstartdate" type="datetime" customfield="true" />
      <field displayname="Secondary Phone End Date" name="msemr_telecom2enddate" type="datetime" customfield="true" />
      <field displayname="Secondary Phone Start Date" name="msemr_telecom2startdate" type="datetime" customfield="true" />
      <field displayname="Telecom System" name="msemr_telecom3system" type="optionsetvalue" customfield="true" />
      <field displayname="Telecom System" name="msemr_telecom1system" type="optionsetvalue" customfield="true" />
      <field displayname="Telecom System" name="msemr_telecom2system" type="optionsetvalue" customfield="true" />
      <field displayname="Use Of Contact Point" name="msemr_telecom2use" type="optionsetvalue" customfield="true" />
      <field displayname="Use Of Contact Point" name="msemr_telecom3use" type="optionsetvalue" customfield="true" />
      <field displayname="Use Of Contact Point" name="msemr_telecom1use" type="optionsetvalue" customfield="true" />
      <field displayname="Account" name="accountid" type="guid" primaryKey="true" />
      <field displayname="Account Name" name="name" type="string" />
      <field displayname="Address 1: Street 1" name="address1_line1" type="string" />
      <field displayname="Address 1: City" name="address1_city" type="string" />
      <field displayname="Address 1: State/Province" name="address1_stateorprovince" type="string" />
      <field displayname="Address 1: ZIP/Postal Code" name="address1_postalcode" type="string" />
      <field displayname="Main Phone" name="telephone1" type="string" />
      <field displayname="Address 1: Country/Region" name="address1_country" type="string" />
    </fields>
  </entity>
  <entity name="contact" displayname="Contact" etc="2" primaryidfield="contactid" primarynamefield="fullname" disableplugins="false">
    <fields>
      <field displayname="Activity Start Date" name="msemr_activitystartdate" type="datetime" customfield="true" />
      <field displayname="Animal" name="msemr_animal" type="bool" customfield="true" />
      <field displayname="Animal Breed" name="msemr_animalbreed" type="entityreference" lookupType="msemr_codeableconcept" customfield="true" />
      <field displayname="Animal Gender Status" name="msemr_animalgenderstatus" type="entityreference" lookupType="msemr_codeableconcept" customfield="true" />
      <field displayname="AnimalSpecies" name="msemr_animalspecies" type="entityreference" lookupType="msemr_codeableconcept" customfield="true" />
      <field displayname="Billing  - Address Period End Date" name="msemr_address3periodenddate" type="datetime" customfield="true" />
      <field displayname="Billing  - Address Period Start Date" name="msemr_address3periodstartdate" type="datetime" customfield="true" />
      <field displayname="Contact Type" name="msemr_contacttype" type="optionsetvalue" customfield="true" />
      <field displayname="Current - Address Period End Date" name="msemr_address2periodenddate" type="datetime" customfield="true" />
      <field displayname="Current - Address Period Start Date" name="msemr_address2periodstartdate" type="datetime" customfield="true" />
      <field displayname="Deceased Date" name="msemr_deceaseddate" type="datetime" customfield="true" />
      <field displayname="Emergency Contact End Date" name="msemr_contac1tenddate" type="datetime" customfield="true" />
      <field displayname="Emergency Contact Name" name="msemr_contact1" type="entityreference" lookupType="contact" customfield="true" />
      <field displayname="Emergency Contact Relationship" name="msemr_contact1relationship" type="entityreference" lookupType="msemr_codeableconcept" customfield="true" />
      <field displayname="Emergency Contact Start Date" name="msemr_contact1startdate" type="datetime" customfield="true" />
      <field displayname="Managing Organization" name="msemr_managingorganization" type="entityreference" lookupType="account" customfield="true" />
      <field displayname="Medical Record Number" name="msemr_medicalrecordnumber" type="string" customfield="true" />
      <field displayname="Multiple Birth" name="msemr_multiplebirth" type="number" customfield="true" />
      <field displayname="Official - Given Name" name="msemr_name2givenname" type="string" customfield="true" />
      <field displayname="Official - Given Name" name="msemr_name3givenname" type="string" customfield="true" />
      <field displayname="Official- Family Name" name="msemr_name2familyname" type="string" customfield="true" />
      <field displayname="Official- Family Name" name="msemr_name3familyname" type="string" customfield="true" />
      <field displayname="Official Name" name="msemr_name2" type="string" customfield="true" />
      <field displayname="Official- Prefix" name="msemr_name3prefix" type="string" customfield="true" />
      <field displayname="Official- Prefix" name="msemr_name2prefix" type="string" customfield="true" />
      <field displayname="Official- Suffix" name="msemr_name3suffix" type="string" customfield="true" />
      <field displayname="Official- Suffix" name="msemr_name2suffix" type="string" customfield="true" />
      <field displayname="Official-Name End Date" name="msemr_name3nameenddate" type="datetime" customfield="true" />
      <field displayname="Official-Name End Date" name="msemr_name2enddate" type="datetime" customfield="true" />
      <field displayname="Official-Name Start Date" name="msemr_name3namestartdate" type="datetime" customfield="true" />
      <field displayname="Official-Name Start Date" name="msemr_name2startdate" type="datetime" customfield="true" />
      <field displayname="Patient Link 1" name="msemr_link1" type="entityreference" lookupType="contact" customfield="true" />
      <field displayname="Patient Link 2" name="msemr_link2" type="entityreference" lookupType="contact" customfield="true" />
      <field displayname="Patient Link Type 1" name="msemr_link1type" type="entityreference" lookupType="msemr_codeableconcept" customfield="true" />
      <field displayname="Patient Link Type 2" name="msemr_link2type" type="entityreference" lookupType="msemr_codeableconcept" customfield="true" />
      <field displayname="Permanent - Address Period End Date" name="msemr_address1periodenddate" type="datetime" customfield="true" />
      <field displayname="Permanent- Address Period Start Date" name="msemr_address1periodstartdate" type="datetime" customfield="true" />
      <field displayname="Primary Contact End Date" name="msemr_contac2tenddate" type="datetime" customfield="true" />
      <field displayname="Primary Contact Name" name="msemr_contact2" type="entityreference" lookupType="contact" customfield="true" />
      <field displayname="Primary Contact Relationship" name="msemr_contact2relationship" type="entityreference" lookupType="msemr_codeableconcept" customfield="true" />
      <field displayname="Primary Contact Start Date" name="msemr_contact2startdate" type="datetime" customfield="true" />
      <field displayname="Primary Day Time Phone End Date" name="msemr_telecom1enddate" type="datetime" customfield="true" />
      <field displayname="Primary Day Time Phone Start Date" name="msemr_telecom1startdate" type="datetime" customfield="true" />
      <field displayname="Primary Email End Date" name="msemr_telecom3enddate" type="datetime" customfield="true" />
      <field displayname="Primary Email Start Date" name="msemr_telecom3startdate" type="datetime" customfield="true" />
      <field displayname="Primary Evening Phone End Date" name="msemr_telecom2enddate" type="datetime" customfield="true" />
      <field displayname="Primary Evening Phone Start Date" name="msemr_telecom2startdate" type="datetime" customfield="true" />
      <field displayname="Primary Language" name="msemr_communication1language" type="entityreference" lookupType="msemr_codeableconcept" customfield="true" />
      <field displayname="Primary Language Preferred" name="msemr_communication1preferred" type="bool" customfield="true" />
      <field displayname="Primary Practitioner" name="msemr_generalpractioner" type="entityreference" lookupType="contact" customfield="true" />
      <field displayname="Provider NPI Number" name="msemr_qualification1identifier" type="string" customfield="true" />
      <field displayname="Qualification Expiry Date" name="msemr_qualification1periodenddate" type="datetime" customfield="true" />
      <field displayname="Qualification Issue Date" name="msemr_qualification1periodstartdate" type="datetime" customfield="true" />
      <field displayname="Qualification Issuer" name="msemr_qualification1issuer" type="entityreference" lookupType="account" customfield="true" />
      <field displayname="Rank of Contact" name="msemr_telecom3rank" type="number" customfield="true" />
      <field displayname="Rank of Contact" name="msemr_telecom1rank" type="number" customfield="true" />
      <field displayname="Rank of Contact" name="msemr_telecom2rank" type="number" customfield="true" />
      <field displayname="Secondary Language" name="msemr_communication2language" type="entityreference" lookupType="msemr_codeableconcept" customfield="true" />
      <field displayname="Secondary Language Preferred" name="msemr_communication2preferred" type="bool" customfield="true" />
      <field displayname="Telecom System" name="msemr_telecom3system" type="optionsetvalue" customfield="true" />
      <field displayname="Telecom System" name="msemr_telecom1system" type="optionsetvalue" customfield="true" />
      <field displayname="Telecom System" name="msemr_telecom2system" type="optionsetvalue" customfield="true" />
      <field displayname="Temporary Name" name="msemr_name3" type="string" customfield="true" />
      <field displayname="Use of contact point" name="msemr_telecom1use" type="optionsetvalue" customfield="true" />
      <field displayname="Use of Contact Point" name="msemr_telecom3use" type="optionsetvalue" customfield="true" />
      <field displayname="Use of Contact Point" name="msemr_telecom2use" type="optionsetvalue" customfield="true" />
      <field displayname="Use of Name" name="msemr_name1use" type="optionsetvalue" customfield="true" />
      <field displayname="Use of Name" name="msemr_name3use" type="optionsetvalue" customfield="true" />
      <field displayname="Use of Name" name="msemr_name2use" type="optionsetvalue" customfield="true" />
      <field displayname="Usual-Name End Date" name="msemr_name1enddate" type="datetime" customfield="true" />
      <field displayname="Usual-Name Start Date" name="msemr_name1startdate" type="datetime" customfield="true" />
      <field displayname="Contact" name="contactid" type="guid" primaryKey="true" />
      <field displayname="Gender" name="gendercode" type="optionsetvalue" />
      <field displayname="First Name" name="firstname" type="string" />
      <field displayname="Last Name" name="lastname" type="string" />
      <field displayname="Address 1: Street 1" name="address1_line1" type="string" />
      <field displayname="Address 1: City" name="address1_city" type="string" />
      <field displayname="Address 1: State/Province" name="address1_stateorprovince" type="string" />
      <field displayname="Address 1: ZIP/Postal Code" name="address1_postalcode" type="string" />
      <field displayname="Business Phone" name="telephone1" type="string" />
      <field displayname="Home Phone" name="telephone2" type="string" />
      <field displayname="Mobile Phone" name="mobilephone" type="string" />
      <field displayname="Address 1: Country/Region" name="address1_country" type="string" />
      <field displayname="Email" name="emailaddress1" type="string" />
      <field displayname="Birthday" name="birthdate" type="datetime" />
      <field displayname="Salutation" name="salutation" type="string" />
      <field displayname="Department" name="department" type="string" />
      <field displayname="Description" name="description" type="string" />
    </fields>
  </entity>
  <entity name="msemr_allergyintolerance" displayname="Allergy Intolerance" etc="10070" primaryidfield="msemr_allergyintoleranceid" primarynamefield="msemr_name" disableplugins="false">
    <fields>
      <field displayname="Allergy Intolerance" name="msemr_allergyintoleranceid" type="guid" primaryKey="true" />
      <field displayname="Name" name="msemr_name" type="string" customfield="true" />
      <field displayname="Patient" name="msemr_patient" type="entityreference" lookupType="contact" customfield="true" />
      <field displayname="Code" name="msemr_code" type="string" customfield="true" />
      <field displayname="Criticality" name="msemr_criticality" type="optionsetvalue" customfield="true" />
      <field displayname="Verification Status" name="msemr_verificationstatus" type="optionsetvalue" customfield="true" />
      <field displayname="Type" name="msemr_type" type="optionsetvalue" customfield="true" />
    </fields>
  </entity>
  <entity name="msemr_appointmentemr" displayname="Appointment (EMR)" etc="10071" primaryidfield="activityid" primarynamefield="subject" disableplugins="false">
    <fields>
      <field displayname="Activity" name="activityid" type="guid" primaryKey="true" />
      <field displayname="Actor (Device)" name="msemr_actordevice" type="entityreference" lookupType="msemr_device" customfield="true" />
      <field displayname="Actor (Location)" name="msemr_actorlocation" type="entityreference" lookupType="msemr_location" customfield="true" />
      <field displayname="Actor (Patient)" name="msemr_actorpatient" type="entityreference" lookupType="contact" customfield="true" />
      <field displayname="Actor (Practitioner)" name="msemr_actorpractitioner" type="entityreference" lookupType="contact" customfield="true" />
      <field displayname="Actor (Related Person)" name="msemr_actorrelatedperson" type="entityreference" lookupType="contact" customfield="true" />
      <field displayname="Appointment Creation Date" name="msemr_appointmentcreationdate" type="datetime" customfield="true" />
      <field displayname="Comment" name="msemr_comment" type="string" customfield="true" />
      <field displayname="Description" name="msemr_description" type="string" customfield="true" />
      <field displayname="End time" name="msemr_endtime" type="datetime" customfield="true" />
      <field displayname="Minutes Duration" name="msemr_minutesduration" type="number" customfield="true" />
      <field displayname="Participant Actor Type" name="msemr_participantactortype" type="optionsetvalue" customfield="true" />
      <field displayname="Participant Status" name="msemr_participantstatus" type="optionsetvalue" customfield="true" />
      <field displayname="Participant Type" name="msemr_particpanttype" type="entityreference" lookupType="msemr_codeableconcept" customfield="true" />
      <field displayname="Patient Instruction" name="msemr_patientinstruction" type="string" customfield="true" />
      <field displayname="Priority" name="msemr_priority" type="number" customfield="true" />
      <field displayname="Required" name="msemr_required" type="optionsetvalue" customfield="true" />
      <field displayname="Service Category" name="msemr_servicecategory" type="entityreference" lookupType="msemr_codeableconcept" customfield="true" />
      <field displayname="Start time" name="msemr_starttime" type="datetime" customfield="true" />
      <field displayname="Supporting Information" name="msemr_supportinginformation" type="string" customfield="true" />
      <field displayname="Appointment (EMR) Start" name="scheduledstart" type="datetime" />
      <field displayname="Due Date" name="scheduledend" type="datetime" />
      <field displayname="Priority" name="prioritycode" type="optionsetvalue" />
      <field displayname="Regarding" name="regardingobjectid" type="entityreference" lookupType="account|bookableresourcebooking|bookableresourcebookingheader|bulkoperation|campaign|campaignactivity|contact|contract|entitlement|entitlementtemplate|incident|interactionforemail|invoice|knowledgearticle|knowledgebaserecord|lead|msdyn_playbookinstance|msdyn_postalbum|opportunity|quote|salesorder|site" />
      <field displayname="Subject" name="subject" type="string" />
    </fields>
  </entity>
  <entity name="msemr_careplan" displayname="Care Plan" etc="10082" primaryidfield="msemr_careplanid" primarynamefield="msemr_title" disableplugins="false">
    <fields>
      <field displayname="Episode of Care" name="msemr_episodeofcare" type="entityreference" lookupType="msemr_episodeofcare" customfield="true" />
      <field displayname="Group" name="msemr_groupidentifier" type="entityreference" lookupType="msemr_codeableconcept" customfield="true" />
      <field displayname="End Date" name="msemr_planenddate" type="datetime" customfield="true" />
      <field displayname="Encounter" name="msemr_encounteridentifier" type="entityreference" lookupType="msemr_encounter" customfield="true" />
      <field displayname="Description" name="msemr_plandescription" type="string" customfield="true" />
      <field displayname="Care Plan" name="msemr_careplanid" type="guid" primaryKey="true" />
      <field displayname="Context Type" name="msemr_contexttype" type="optionsetvalue" customfield="true" />
      <field displayname="Identifier" name="msemr_careplanidentifier" type="string" customfield="true" />
      <field displayname="Intent" name="msemr_planintent" type="optionsetvalue" customfield="true" />
      <field displayname="Start Date" name="msemr_planstartdate" type="datetime" customfield="true" />
      <field displayname="Status" name="msemr_planstatus" type="optionsetvalue" customfield="true" />
      <field displayname="Title" name="msemr_title" type="string" customfield="true" />
      <field displayname="Subject Type" name="msemr_subjecttype" type="optionsetvalue" customfield="true" />
      <field displayname="Patient" name="msemr_patientidentifier" type="entityreference" lookupType="contact" customfield="true" />
    </fields>
  </entity>
  <entity name="msemr_careteam" displayname="Care Team" etc="10103" primaryidfield="msemr_careteamid" primarynamefield="msemr_name" disableplugins="false">
    <fields>
      <field displayname="Encounter" name="msemr_encounter" type="entityreference" lookupType="msemr_encounter" customfield="true" />
      <field displayname="Care Team" name="msemr_careteamid" type="guid" primaryKey="true" />
      <field displayname="Care Team Number" name="msemr_careteamnumber" type="string" customfield="true" />
      <field displayname="Care Team Status" name="msemr_careteamstatus" type="optionsetvalue" customfield="true" />
      <field displayname="Context Type" name="msemr_contexttype" type="optionsetvalue" customfield="true" />
      <field displayname="Episode of Care" name="msemr_episodeofcare" type="entityreference" lookupType="msemr_episodeofcare" customfield="true" />
      <field displayname="Group" name="msemr_subjectgroup" type="entityreference" lookupType="msemr_codeableconcept" customfield="true" />
      <field displayname="Patient" name="msemr_subjectpatient" type="entityreference" lookupType="contact" customfield="true" />
      <field displayname="Period End" name="msemr_periodend" type="datetime" customfield="true" />
      <field displayname="Period Start" name="msemr_periodstart" type="datetime" customfield="true" />
      <field displayname="Subject Type" name="msemr_subjecttype" type="optionsetvalue" customfield="true" />
      <field displayname="Name" name="msemr_name" type="string" customfield="true" />
    </fields>
  </entity>
  <entity name="msemr_careteamparticipant" displayname="Care Team Participant" etc="10106" primaryidfield="msemr_careteamparticipantid" primarynamefield="msemr_description" disableplugins="false">
    <fields>
      <field displayname="Care Team" name="msemr_membercareteam" type="entityreference" lookupType="msemr_careteam" customfield="true" />
      <field displayname="Care Team" name="msemr_careteam" type="entityreference" lookupType="msemr_careteam" customfield="true" />
      <field displayname="Care Team Participant" name="msemr_careteamparticipantid" type="guid" primaryKey="true" />
      <field displayname="Description" name="msemr_description" type="string" customfield="true" />
      <field displayname="Member Type" name="msemr_membertype" type="optionsetvalue" customfield="true" />
      <field displayname="On Behalf Of" name="msemr_onbehalfof" type="entityreference" lookupType="account" customfield="true" />
      <field displayname="Organization" name="msemr_memberorganization" type="entityreference" lookupType="account" customfield="true" />
      <field displayname="Patient" name="msemr_memberpatient" type="entityreference" lookupType="contact" customfield="true" />
      <field displayname="Period End" name="msemr_periodend" type="datetime" customfield="true" />
      <field displayname="Period Start" name="msemr_periodstart" type="datetime" customfield="true" />
      <field displayname="Practioner" name="msemr_memberpractioner" type="entityreference" lookupType="contact" customfield="true" />
      <field displayname="Role" name="msemr_role" type="entityreference" lookupType="msemr_codeableconcept" customfield="true" />
      <field displayname="Related Person" name="msemr_memberrelatedperson" type="entityreference" lookupType="contact" customfield="true" />
    </fields>
  </entity>
  <entity name="msemr_codeableconcept" displayname="Codeable Concept" etc="10118" primaryidfield="msemr_codeableconceptid" primarynamefield="msemr_name" disableplugins="false">
    <fields>
      <field displayname="Code" name="msemr_code" type="string" customfield="true" />
      <field displayname="Codeable Concept" name="msemr_codeableconceptid" type="guid" primaryKey="true" />
      <field displayname="Type" name="msemr_type" type="optionsetvalue" customfield="true" />
      <field displayname="Text" name="msemr_text" type="string" customfield="true" />
      <field displayname="Name" name="msemr_name" type="string" customfield="true" />
    </fields>
  </entity>
  <entity name="msemr_condition" displayname="Condition" etc="10130" primaryidfield="msemr_conditionid" primarynamefield="msemr_name" disableplugins="false">
    <fields>
      <field displayname="Abatement Age" name="msemr_abatementage" type="float" customfield="true" />
      <field displayname="Abatement Date" name="msemr_abatementdate" type="datetime" customfield="true" />
      <field displayname="Abatement Period End Date" name="msemr_abatementperiodenddate" type="datetime" customfield="true" />
      <field displayname="Abatement Period Start Date" name="msemr_abatementperiodstartdate" type="datetime" customfield="true" />
      <field displayname="Abatement Range High" name="msemr_abatementrangehigh" type="number" customfield="true" />
      <field displayname="Abatement Range Low" name="msemr_abatementrangelow" type="number" customfield="true" />
      <field displayname="Abatement String" name="msemr_abatementstring" type="string" customfield="true" />
      <field displayname="Abatement Type" name="msemr_abatementtype" type="optionsetvalue" customfield="true" />
      <field displayname="Appointment" name="msemr_appointment" type="entityreference" lookupType="msemr_appointmentemr" customfield="true" />
      <field displayname="Asserted Date" name="msemr_asserteddate" type="datetime" customfield="true" />
      <field displayname="Asserter" name="msemr_asserter" type="entityreference" lookupType="contact" customfield="true" />
      <field displayname="Care Plan" name="msemr_careplan" type="entityreference" lookupType="msemr_careplan" customfield="true" />
      <field displayname="Category" name="msemr_category" type="entityreference" lookupType="msemr_codeableconcept" customfield="true" />
      <field displayname="Clinical Status" name="msemr_clinicalstatus" type="optionsetvalue" customfield="true" />
      <field displayname="Condition" name="msemr_conditionid" type="guid" primaryKey="true" />
      <field displayname="Condition Code" name="msemr_conditioncode" type="entityreference" lookupType="msemr_codeableconcept" customfield="true" />
      <field displayname="Context" name="msemr_contextepisodeofcare" type="entityreference" lookupType="msemr_episodeofcare" customfield="true" />
      <field displayname="Context" name="msemr_contextencounter" type="entityreference" lookupType="msemr_encounter" customfield="true" />
      <field displayname="Context Type" name="msemr_contexttype" type="optionsetvalue" customfield="true" />
      <field displayname="Description" name="msemr_name" type="string" customfield="true" />
      <field displayname="Encounter" name="msemr_encounter" type="entityreference" lookupType="msemr_encounter" customfield="true" />
      <field displayname="Group" name="msemr_subjecttypegroup" type="entityreference" lookupType="msemr_codeableconcept" customfield="true" />
      <field displayname="Is Abatement" name="msemr_isabatement" type="bool" customfield="true" />
      <field displayname="Onset Age" name="msemr_onsetage" type="float" customfield="true" />
      <field displayname="Onset Date" name="msemr_onsetdate" type="datetime" customfield="true" />
      <field displayname="Onset Period End Date" name="msemr_onsetperiodenddate" type="datetime" customfield="true" />
      <field displayname="Onset Period Start Date" name="msemr_onsetperiodstartdate" type="datetime" customfield="true" />
      <field displayname="Onset Range High" name="msemr_onsetrangehigh" type="number" customfield="true" />
      <field displayname="Onset Range Low" name="msemr_onsetrangelow" type="number" customfield="true" />
      <field displayname="Onset String" name="msemr_onsetstring" type="string" customfield="true" />
      <field displayname="Onset Type" name="msemr_onsettype" type="optionsetvalue" customfield="true" />
      <field displayname="Patient" name="msemr_subjecttypepatient" type="entityreference" lookupType="contact" customfield="true" />
      <field displayname="Practitioner" name="msemr_practitioner" type="entityreference" lookupType="contact" customfield="true" />
      <field displayname="Reason Reference (Referral Request)" name="msemr_reasonreferencereferralrequest" type="entityreference" lookupType="msemr_referralrequest" customfield="true" />
      <field displayname="Severity" name="msemr_severity" type="entityreference" lookupType="msemr_codeableconcept" customfield="true" />
      <field displayname="Stage" name="msemr_stage" type="entityreference" lookupType="msemr_codeableconcept" customfield="true" />
      <field displayname="Subject Type" name="msemr_subjecttype" type="optionsetvalue" customfield="true" />
      <field displayname="Verification Status" name="msemr_verificationstatus" type="optionsetvalue" customfield="true" />
    </fields>
  </entity>
  <entity name="msemr_device" displayname="Device" etc="10144" primaryidfield="msemr_deviceid" primarynamefield="msemr_name" disableplugins="false">
    <fields>
      <field displayname="Manufacturer" name="msemr_manufacturer" type="string" customfield="true" />
      <field displayname="Manufacturer Date" name="msemr_manufacturerdate" type="datetime" customfield="true" />
      <field displayname="Model" name="msemr_model" type="string" customfield="true" />
      <field displayname="Lot Number" name="msemr_lotnumber" type="string" customfield="true" />
      <field displayname="Location" name="msemr_location" type="entityreference" lookupType="msemr_location" customfield="true" />
      <field displayname="Jurisdiction" name="msemr_udijurisdiction" type="string" customfield="true" />
      <field displayname="Expiration Date" name="msemr_expirationdate" type="datetime" customfield="true" />
      <field displayname="Device Status" name="msemr_devicestatus" type="optionsetvalue" customfield="true" />
      <field displayname="Device Number" name="msemr_devicenumber" type="string" customfield="true" />
      <field displayname="Device" name="msemr_deviceid" type="guid" primaryKey="true" />
      <field displayname="Name" name="msemr_name" type="string" customfield="true" />
      <field displayname="Patient" name="msemr_patient" type="entityreference" lookupType="contact" customfield="true" />
      <field displayname="Owner" name="msemr_owner" type="entityreference" lookupType="account" customfield="true" />
      <field displayname="Type" name="msemr_type" type="entityreference" lookupType="msemr_codeableconcept" customfield="true" />
      <field displayname="UDI" name="msemr_udi" type="string" customfield="true" />
      <field displayname="UDI Carrier AIDC" name="msemr_carrieraidc" type="string" customfield="true" />
      <field displayname="UDI Carrier HRF" name="msemr_udicarrierhrf" type="string" customfield="true" />
      <field displayname="UDI Entry Type" name="msemr_udientrytype" type="optionsetvalue" customfield="true" />
      <field displayname="UDI Issuer" name="msemr_udiissuer" type="string" customfield="true" />
      <field displayname="URL" name="msemr_url" type="string" customfield="true" />
      <field displayname="Version" name="msemr_version" type="string" customfield="true" />
    </fields>
  </entity>
  <entity name="msemr_encounter" displayname="Encounter" etc="10164" primaryidfield="msemr_encounterid" primarynamefield="msemr_name" disableplugins="false">
    <fields>
      <field displayname="Group" name="msemr_encountergroupidentifier" type="entityreference" lookupType="msemr_codeableconcept" customfield="true" />
      <field displayname="End Date/Time" name="msemr_encounterenddate" type="datetime" customfield="true" />
      <field displayname="Encounter Number" name="msemr_encounteridentifier" type="string" customfield="true" />
      <field displayname="Encounter" name="msemr_encounterid" type="guid" primaryKey="true" />
      <field displayname="Duration" name="msemr_duration" type="number" customfield="true" />
      <field displayname="Duration" name="msemr_encounterlength" type="decimal" customfield="true" />
      <field displayname="Discharge Disposition" name="msemr_hospitalizationdischargedisposition" type="entityreference" lookupType="msemr_codeableconcept" customfield="true" />
      <field displayname="Destination" name="msemr_hospitalizationdestination" type="entityreference" lookupType="msemr_location" customfield="true" />
      <field displayname="Context (Episode of Care)" name="msemr_contextepisodeofcare" type="entityreference" lookupType="msemr_episodeofcare" customfield="true" />
      <field displayname="Context (Encounter)" name="msemr_contextencounter" type="entityreference" lookupType="msemr_encounter" customfield="true" />
      <field displayname="Class" name="msemr_encounterclass" type="optionsetvalue" customfield="true" />
      <field displayname="Appointment (EMR)" name="msemr_appointmentemr" type="entityreference" lookupType="msemr_appointmentemr" customfield="true" />
      <field displayname="Class" name="msemr_class" type="optionsetvalue" customfield="true" />
      <field displayname="Admit Source" name="msemr_hospitalizationadmitsource" type="entityreference" lookupType="msemr_codeableconcept" customfield="true" />
      <field displayname="Name" name="msemr_name" type="string" customfield="true" />
      <field displayname="On behalf of" name="msemr_onbehalfof" type="entityreference" lookupType="account" customfield="true" />
      <field displayname="Origin" name="msemr_hospitalizationorigin" type="entityreference" lookupType="msemr_location" customfield="true" />
      <field displayname="Parent Enounter" name="msemr_encounterparentencounteridentifier" type="entityreference" lookupType="msemr_encounter" customfield="true" />
      <field displayname="Patient" name="msemr_encounterpatientidentifier" type="entityreference" lookupType="contact" customfield="true" />
      <field displayname="Period End" name="msemr_periodend" type="datetime" customfield="true" />
      <field displayname="Period Start" name="msemr_periodstart" type="datetime" customfield="true" />
      <field displayname="Pre Admission Number" name="msemr_hospitalizationpreadmissionnumber" type="string" customfield="true" />
      <field displayname="Priority" name="msemr_priority" type="optionsetvalue" customfield="true" />
      <field displayname="Priority" name="msemr_encounterpriority" type="entityreference" lookupType="msemr_codeableconcept" customfield="true" />
      <field displayname="Re admission" name="msemr_hospitalizationreadmission" type="entityreference" lookupType="msemr_codeableconcept" customfield="true" />
      <field displayname="Start Date/Time" name="msemr_encounterstartdate" type="datetime" customfield="true" />
      <field displayname="Status" name="msemr_encounterstatus" type="optionsetvalue" customfield="true" />
      <field displayname="Subject (Patient)" name="msemr_subjectpatient" type="entityreference" lookupType="contact" customfield="true" />
    </fields>
  </entity>
  <entity name="msemr_episodeofcare" displayname="Episode of Care" etc="10184" primaryidfield="msemr_episodeofcareid" primarynamefield="msemr_description" disableplugins="false">
    <fields>
      <field displayname="Care Manager" name="msemr_caremanager" type="entityreference" lookupType="contact" customfield="true" />
      <field displayname="Description" name="msemr_description" type="string" customfield="true" />
      <field displayname="End Date/Time" name="msemr_enddatetime" type="datetime" customfield="true" />
      <field displayname="Episode of Care" name="msemr_episodeofcareid" type="guid" primaryKey="true" />
      <field displayname="Episode Of Care Number" name="msemr_identifier" type="string" customfield="true" />
      <field displayname="Organization" name="msemr_organization" type="entityreference" lookupType="account" customfield="true" />
      <field displayname="Patient" name="msemr_patient" type="entityreference" lookupType="contact" customfield="true" />
      <field displayname="Start Date/Time" name="msemr_startdatetime" type="datetime" customfield="true" />
      <field displayname="Status" name="msemr_status" type="optionsetvalue" customfield="true" />
    </fields>
  </entity>
  <entity name="msemr_location" displayname="Location" etc="10214" primaryidfield="msemr_locationid" primarynamefield="msemr_name" disableplugins="false">
    <fields>
      <field displayname="Address City" name="msemr_addresscity" type="string" customfield="true" />
      <field displayname="Address Country" name="msemr_addresscountry" type="string" customfield="true" />
      <field displayname="Address Distinct" name="msemr_addressdistinct" type="string" customfield="true" />
      <field displayname="Address Period End" name="msemr_addressperiodend" type="datetime" customfield="true" />
      <field displayname="Address Period Start" name="msemr_addressperiodstart" type="datetime" customfield="true" />
      <field displayname="Address Postal Code" name="msemr_addresspostalcode" type="string" customfield="true" />
      <field displayname="Address State" name="msemr_addressstate" type="string" customfield="true" />
      <field displayname="Address Text" name="msemr_addresstext" type="string" customfield="true" />
      <field displayname="Address Type" name="msemr_addresstype" type="optionsetvalue" customfield="true" />
      <field displayname="Address Use" name="msemr_addressuse" type="optionsetvalue" customfield="true" />
      <field displayname="Alias 1" name="msemr_locationalias1" type="string" customfield="true" />
      <field displayname="Alias 2" name="msemr_locationalias2" type="string" customfield="true" />
      <field displayname="Alias 3" name="msemr_locationalias3" type="string" customfield="true" />
      <field displayname="Description" name="msemr_description" type="string" customfield="true" />
      <field displayname="Location" name="msemr_locationid" type="guid" primaryKey="true" />
      <field displayname="Location Number" name="msemr_locationnumber" type="string" customfield="true" />
      <field displayname="Managing Organization" name="msemr_managingorganization" type="entityreference" lookupType="account" customfield="true" />
      <field displayname="Mode" name="msemr_mode" type="optionsetvalue" customfield="true" />
      <field displayname="Operational Status" name="msemr_operationalstatus" type="optionsetvalue" customfield="true" />
      <field displayname="Name" name="msemr_name" type="string" customfield="true" />
      <field displayname="Part Of" name="msemr_partof" type="entityreference" lookupType="msemr_location" customfield="true" />
      <field displayname="Physical Type" name="msemr_physicaltype" type="entityreference" lookupType="msemr_codeableconcept" customfield="true" />
      <field displayname="Position Altitude" name="msemr_locationpositionaltitude" type="decimal" customfield="true" />
      <field displayname="Position Latitude" name="msemr_locationpositionlatitude" type="decimal" customfield="true" />
      <field displayname="Position Longitude" name="msemr_locationpositionlongitude" type="decimal" customfield="true" />
      <field displayname="Status" name="msemr_status" type="optionsetvalue" customfield="true" />
      <field displayname="Street 1" name="msemr_addressline1" type="string" customfield="true" />
      <field displayname="Street 2" name="msemr_addressline2" type="string" customfield="true" />
      <field displayname="Street 3" name="msemr_addressline3" type="string" customfield="true" />
      <field displayname="Type" name="msemr_type" type="entityreference" lookupType="msemr_codeableconcept" customfield="true" />
    </fields>
  </entity>
  <entity name="msemr_nutritionorder" displayname="Nutrition Order" etc="10243" primaryidfield="msemr_nutritionorderid" primarynamefield="msemr_name" disableplugins="false">
    <fields>
      <field displayname="Additive Product Name" name="msemr_additiveproductname" type="string" customfield="true" />
      <field displayname="Additive Type" name="msemr_additivetype" type="entityreference" lookupType="msemr_codeableconcept" customfield="true" />
      <field displayname="Administration Instruction" name="msemr_administrationinstruction" type="string" customfield="true" />
      <field displayname="Base Formula Product Name" name="msemr_baseformulaproductname" type="string" customfield="true" />
      <field displayname="Base Formula Type" name="msemr_baseformulatype" type="entityreference" lookupType="msemr_codeableconcept" customfield="true" />
      <field displayname="Caloric Density" name="msemr_caloricdensity" type="number" customfield="true" />
      <field displayname="DateTime" name="msemr_datetime" type="datetime" customfield="true" />
      <field displayname="Encounter" name="msemr_encounter" type="entityreference" lookupType="msemr_encounter" customfield="true" />
      <field displayname="Instruction" name="msemr_oraldietinstruction" type="string" customfield="true" />
      <field displayname="Max Volume to Deliver" name="msemr_maxvolumetodeliver" type="number" customfield="true" />
      <field displayname="Name" name="msemr_name" type="string" customfield="true" />
      <field displayname="Nutrition Order" name="msemr_nutritionorderid" type="guid" primaryKey="true" />
      <field displayname="Nutrition Order Number" name="msemr_nutritionordernumber" type="string" customfield="true" />
      <field displayname="Orderer" name="msemr_orderer" type="entityreference" lookupType="contact" customfield="true" />
      <field displayname="Patient" name="msemr_patient" type="entityreference" lookupType="contact" customfield="true" />
      <field displayname="Route Of Administration" name="msemr_routeofadministration" type="entityreference" lookupType="msemr_codeableconcept" customfield="true" />
      <field displayname="Status" name="msemr_status" type="optionsetvalue" customfield="true" />
    </fields>
  </entity>
  <entity name="msemr_observation" displayname="Observation" etc="10255" primaryidfield="msemr_observationid" primarynamefield="msemr_description" disableplugins="false">
    <fields>
      <field displayname="Body Site" name="msemr_bodysite" type="entityreference" lookupType="msemr_codeableconcept" customfield="true" />
      <field displayname="Code" name="msemr_code" type="entityreference" lookupType="msemr_codeableconcept" customfield="true" />
      <field displayname="Comment" name="msemr_comment" type="string" customfield="true" />
      <field displayname="Context Type" name="msemr_contexttype" type="optionsetvalue" customfield="true" />
      <field displayname="Data Absent Reason" name="msemr_dataabsentreason" type="entityreference" lookupType="msemr_codeableconcept" customfield="true" />
      <field displayname="Description" name="msemr_description" type="string" customfield="true" />
      <field displayname="Device" name="msemr_devicetypedevice" type="entityreference" lookupType="msemr_device" customfield="true" />
      <field displayname="Device" name="msemr_subjecttypedevice" type="entityreference" lookupType="msemr_device" customfield="true" />
      <field displayname="Device Metric" name="msemr_devicetypedevicemetric" type="entityreference" lookupType="msemr_devicemetric" customfield="true" />
      <field displayname="Device Type" name="msemr_devicetype" type="optionsetvalue" customfield="true" />
      <field displayname="Effective End" name="msemr_effectiveend" type="datetime" customfield="true" />
      <field displayname="Effective Start" name="msemr_effectivestart" type="datetime" customfield="true" />
      <field displayname="Effective Type" name="msemr_effectivetype" type="optionsetvalue" customfield="true" />
      <field displayname="Effective Type Date" name="msemr_effectivetypedatetime" type="datetime" customfield="true" />
      <field displayname="Encounter" name="msemr_conexttypeencounter" type="entityreference" lookupType="msemr_encounter" customfield="true" />
      <field displayname="Episode of Care" name="msemr_episodeofcare" type="entityreference" lookupType="msemr_episodeofcare" customfield="true" />
      <field displayname="Episode Of Care" name="msemr_conexttypeepisodeofcare" type="entityreference" lookupType="msemr_episodeofcare" customfield="true" />
      <field displayname="Group" name="msemr_subjecttypegroup" type="entityreference" lookupType="msemr_codeableconcept" customfield="true" />
      <field displayname="Identifier" name="msemr_identifier" type="string" customfield="true" />
      <field displayname="Interpretation" name="msemr_interpretation" type="entityreference" lookupType="msemr_codeableconcept" customfield="true" />
      <field displayname="Issued Date" name="msemr_issueddate" type="datetime" customfield="true" />
      <field displayname="Location" name="msemr_subjecttypelocation" type="entityreference" lookupType="msemr_location" customfield="true" />
      <field displayname="Method" name="msemr_method" type="entityreference" lookupType="msemr_codeableconcept" customfield="true" />
      <field displayname="Observation" name="msemr_observationid" type="guid" primaryKey="true" />
      <field displayname="Observation Number" name="msemr_observationnumber" type="string" customfield="true" />
      <field displayname="Patient" name="msemr_subjecttypepatient" type="entityreference" lookupType="contact" customfield="true" />
      <field displayname="Quantity Comparator" name="msemr_valuetypequantitycomparator" type="optionsetvalue" customfield="true" />
      <field displayname="Quantity Value" name="msemr_valuetypequantityvalue" type="decimal" customfield="true" />
      <field displayname="Ratio Denominator  Code" name="msemr_valueratiodenominatorcode" type="entityreference" lookupType="msemr_codeableconcept" customfield="true" />
      <field displayname="Ratio Denominator Comparator" name="msemr_valueratiodenominatorcomparator" type="optionsetvalue" customfield="true" />
      <field displayname="Ratio Denominator System" name="msemr_valueratiodenominatorsystem" type="string" customfield="true" />
      <field displayname="Ratio Denominator Unit" name="msemr_valueratiodenominatorunit" type="string" customfield="true" />
      <field displayname="Ratio Denominator Value" name="msemr_valueratiodenominatorvalue" type="decimal" customfield="true" />
      <field displayname="Ratio Numerator  System" name="msemr_valuerationumeratorsystem" type="string" customfield="true" />
      <field displayname="Ratio Numerator Code" name="msemr_valuerationumeratorcode" type="entityreference" lookupType="msemr_codeableconcept" customfield="true" />
      <field displayname="Ratio Numerator Comparator" name="msemr_valuerationumeratorcomparator" type="optionsetvalue" customfield="true" />
      <field displayname="Ratio Numerator Value" name="msemr_valuerationumeratorvalue" type="decimal" customfield="true" />
      <field displayname="Ratio Numerator Unit" name="msemr_valuerationumeratorunit" type="string" customfield="true" />
      <field displayname="Specimen" name="msemr_specimen" type="entityreference" lookupType="msemr_specimen" customfield="true" />
      <field displayname="Status" name="msemr_status" type="optionsetvalue" customfield="true" />
      <field displayname="Subject (Device)" name="msemr_device" type="entityreference" lookupType="msemr_device" customfield="true" />
      <field displayname="Subject Type" name="msemr_subjecttype" type="optionsetvalue" customfield="true" />
      <field displayname="Value Boolean" name="msemr_valueboolean" type="bool" customfield="true" />
      <field displayname="Value Codeable Concept" name="msemr_valuecodeableconcept" type="entityreference" lookupType="msemr_codeableconcept" customfield="true" />
      <field displayname="Value Date Time" name="msemr_valuedatetype" type="datetime" customfield="true" />
      <field displayname="Value Period End Date" name="msemr_valueperiodenddate" type="datetime" customfield="true" />
      <field displayname="Value Period Start Date" name="msemr_valueperiodstartdate" type="datetime" customfield="true" />
      <field displayname="Value Quantity Code" name="msemr_valuequantitycode" type="entityreference" lookupType="msemr_codeableconcept" customfield="true" />
      <field displayname="Value Quantity System" name="msemr_valuequantitysystem" type="string" customfield="true" />
      <field displayname="Value Quantity Unit" name="msemr_valuequantityunit" type="string" customfield="true" />
      <field displayname="Value Range High Limit" name="msemr_valuerangehighlimit" type="number" customfield="true" />
      <field displayname="Value Range Low Limit" name="msemr_valuerangelowlimit" type="number" customfield="true" />
      <field displayname="Value Sampled Data Type Dimension" name="msemr_valuesampleddatatypedimension" type="number" customfield="true" />
      <field displayname="Value Sampled Data Type Factor" name="msemr_valuesampleddatatypefactor" type="decimal" customfield="true" />
      <field displayname="Value Sampled Data Type Lower Limit" name="msemr_valuesampleddatatypelowerlimit" type="decimal" customfield="true" />
      <field displayname="Value Sampled Data Type Origin" name="msemr_valuesampleddatatypeorigin" type="number" customfield="true" />
      <field displayname="Value Sampled Data Type Period" name="msemr_valuesampleddatatypeperiod" type="decimal" customfield="true" />
      <field displayname="Value Sampled Data Type Upper Limit" name="msemr_valuesampleddatatypeupperlimit" type="decimal" customfield="true" />
      <field displayname="Value Sampled DataType Data" name="msemr_valuesampleddatatypedata" type="string" customfield="true" />
      <field displayname="Value String" name="msemr_valuestring" type="string" customfield="true" />
      <field displayname="Value Type" name="msemr_valuetype" type="optionsetvalue" customfield="true" />
    </fields>
  </entity>
  <entity name="task" displayname="Task" etc="4212" primaryidfield="activityid" primarynamefield="subject" disableplugins="false">
    <fields>
      <field displayname="Code" name="msemr_code" type="entityreference" lookupType="msemr_codeableconcept" customfield="true" />
      <field displayname="Context Type" name="msemr_contexttype" type="optionsetvalue" customfield="true" />
      <field displayname="Definition Uri" name="msemr_definitionuri" type="string" customfield="true" />
      <field displayname="Description Focus" name="msemr_descriptionfocus" type="string" customfield="true" />
      <field displayname="Description For" name="msemr_descriptionfor" type="string" customfield="true" />
      <field displayname="Encounter" name="msemr_contextencounter" type="entityreference" lookupType="msemr_encounter" customfield="true" />
      <field displayname="Group Identifier" name="msemr_groupidentifier" type="string" customfield="true" />
      <field displayname="Intent" name="msemr_intent" type="optionsetvalue" customfield="true" />
      <field displayname="Performer (Device)" name="msemr_performerowneragentdevice" type="entityreference" lookupType="msemr_device" customfield="true" />
      <field displayname="Performer (Organization)" name="msemr_performerownerorganization" type="entityreference" lookupType="account" customfield="true" />
      <field displayname="Performer (Patient)" name="msemr_performerownerpatient" type="entityreference" lookupType="contact" customfield="true" />
      <field displayname="Performer (Practitioner)" name="msemr_performerownerpractitioner" type="entityreference" lookupType="contact" customfield="true" />
      <field displayname="Performer (Related Person)" name="msemr_performerownerrelatedperson" type="entityreference" lookupType="contact" customfield="true" />
      <field displayname="Performer type" name="msemr_performerownertype" type="optionsetvalue" customfield="true" />
      <field displayname="Reason" name="msemr_reason" type="entityreference" lookupType="msemr_codeableconcept" customfield="true" />
      <field displayname="Requester (Device)" name="msemr_requesteragentdevice" type="entityreference" lookupType="msemr_device" customfield="true" />
      <field displayname="Requester (Organization)" name="msemr_requesteragentorganization" type="entityreference" lookupType="account" customfield="true" />
      <field displayname="Requester (Patient)" name="msemr_requesteragentpatient" type="entityreference" lookupType="contact" customfield="true" />
      <field displayname="Requester (Practitioner)" name="msemr_requesteragentpractitioner" type="entityreference" lookupType="contact" customfield="true" />
      <field displayname="Requester (Related Person)" name="msemr_requesteragentrelatedperson" type="entityreference" lookupType="contact" customfield="true" />
      <field displayname="Requester Agent" name="msemr_requesteragent" type="optionsetvalue" customfield="true" />
      <field displayname="Requester on behalf of" name="msemr_requesteronbehalfof" type="entityreference" lookupType="account" customfield="true" />
      <field displayname="Restriction Period End Date" name="msemr_restrictionperiodenddate" type="datetime" customfield="true" />
      <field displayname="Restriction Period Start Date" name="msemr_restrictionperiodstartdate" type="datetime" customfield="true" />
      <field displayname="Restriction Repetitions" name="msemr_restrictionrepetitions" type="number" customfield="true" />
      <field displayname="Status" name="msemr_status" type="optionsetvalue" customfield="true" />
      <field displayname="Status Reason" name="msemr_statusreason" type="entityreference" lookupType="msemr_codeableconcept" customfield="true" />
      <field displayname="Task Number" name="msemr_tasknumber" type="string" customfield="true" />
      <field displayname="Task Priority" name="msemr_taskpriority" type="optionsetvalue" customfield="true" />
      <field displayname="Task" name="activityid" type="guid" primaryKey="true" />
      <field displayname="Episode of Care" name="msemr_contextepisodeofcare" type="entityreference" lookupType="msemr_episodeofcare" customfield="true" />
      <field displayname="Definition Reference" name="msemr_reference" type="entityreference" lookupType="msemr_identifiesspecifictimeswhentheeventoccu" customfield="true" />
      <field displayname="Business Status" name="msemr_businessstatus" type="entityreference" lookupType="msemr_codeableconcept" customfield="true" />
      <field displayname="Start Date" name="scheduledstart" type="datetime" />
      <field displayname="Due Date" name="scheduledend" type="datetime" />
      <field displayname="Regarding" name="regardingobjectid" type="entityreference" lookupType="account|bookableresourcebooking|bookableresourcebookingheader|bulkoperation|campaign|campaignactivity|contact|contract|entitlement|entitlementtemplate|incident|invoice|knowledgearticle|knowledgebaserecord|lead|msdyn_playbookinstance|msdyn_postalbum|opportunity|quote|salesorder|site" />
      <field displayname="Duration" name="actualdurationminutes" type="number" />
      <field displayname="Subject" name="subject" type="string" />
    </fields>
  </entity>
  <entity name="msemr_practitionerqualification" displayname="Practitioner Qualification" etc="10292" primaryidfield="msemr_practitionerqualificationid" primarynamefield="msemr_display" disableplugins="false">
    <fields>
      <field displayname="Practitioner" name="msemr_practitioner" type="entityreference" lookupType="contact" customfield="true" />
      <field displayname="Practitioner Qualification" name="msemr_practitionerqualificationid" type="guid" primaryKey="true" />
      <field displayname="Provider NPI Number" name="msemr_providernpinumber" type="string" customfield="true" />
      <field displayname="Qualification Code" name="msemr_qualificationcode" type="entityreference" lookupType="msemr_codeableconcept" customfield="true" />
      <field displayname="Code" name="msemr_code" type="string" customfield="true" />
      <field displayname="Code System" name="msemr_codesystem" type="string" customfield="true" />
      <field displayname="Code Version" name="msemr_codeversion" type="string" customfield="true" />
      <field displayname="Display" name="msemr_display" type="string" customfield="true" />
      <field displayname="Issuer" name="msemr_issuer" type="entityreference" lookupType="account" customfield="true" />
      <field displayname="Period End" name="msemr_periodend" type="datetime" customfield="true" />
      <field displayname="Period Start" name="msemr_periodstart" type="datetime" customfield="true" />
    </fields>
  </entity>
  <entity name="msemr_practitionerrole" displayname="Practitioner Role" etc="10293" primaryidfield="msemr_practitionerroleid" primarynamefield="msemr_name" disableplugins="false">
    <fields>
      <field displayname="Availability Exceptions" name="msemr_availabilityexceptions" type="string" customfield="true" />
      <field displayname="Description" name="msemr_notavailabledescription" type="string" customfield="true" />
      <field displayname="Name" name="msemr_name" type="string" customfield="true" />
      <field displayname="Not available (End datetime)" name="msemr_notavailableenddatetime" type="datetime" customfield="true" />
      <field displayname="Not available (Start datetime)" name="msemr_notavailablestartdatetime" type="datetime" customfield="true" />
      <field displayname="Organization" name="msemr_organization" type="entityreference" lookupType="account" customfield="true" />
      <field displayname="Period (End datetime)" name="msemr_periodenddatetime" type="datetime" customfield="true" />
      <field displayname="Period (Start datetime)" name="msemr_periodstartdatetime" type="datetime" customfield="true" />
      <field displayname="Practitioner" name="msemr_practitioner" type="entityreference" lookupType="contact" customfield="true" />
      <field displayname="Practitioner Role" name="msemr_practitionerroleid" type="guid" primaryKey="true" />
      <field displayname="Practitioner Role Number" name="msemr_practitionerrolenumber" type="string" customfield="true" />
    </fields>
  </entity>
  <entity name="msemr_referralrequest" displayname="Referral Request" etc="10330" primaryidfield="msemr_referralrequestid" primarynamefield="msemr_name" disableplugins="false">
    <fields>
      <field displayname="Appointment (EMR)" name="msemr_appointmentemr" type="entityreference" lookupType="msemr_appointmentemr" customfield="true" />
      <field displayname="Authored On" name="msemr_authoredon" type="datetime" customfield="true" />
      <field displayname="Based On (Referral)" name="msemr_basedonreferral" type="entityreference" lookupType="msemr_referralrequest" customfield="true" />
      <field displayname="Description" name="msemr_description" type="string" customfield="true" />
      <field displayname="Device" name="msemr_requesteragentdevice" type="entityreference" lookupType="msemr_device" customfield="true" />
      <field displayname="Encounter" name="msemr_subjectcontextencounter" type="entityreference" lookupType="msemr_encounter" customfield="true" />
      <field displayname="Episode of Care" name="msemr_subjectcontextepisodeofcare" type="entityreference" lookupType="msemr_episodeofcare" customfield="true" />
      <field displayname="Group Identifier" name="msemr_groupidentifier" type="string" customfield="true" />
      <field displayname="Initiating Encounter" name="msemr_initiatingencounter" type="entityreference" lookupType="msemr_encounter" customfield="true" />
      <field displayname="Initiating Episode of Care" name="msemr_initiatingepisodeofcare" type="entityreference" lookupType="msemr_episodeofcare" customfield="true" />
      <field displayname="Occurrence Date" name="msemr_occurrencedate" type="datetime" customfield="true" />
      <field displayname="Occurrence End Date" name="msemr_occurenceperiodenddate" type="datetime" customfield="true" />
      <field displayname="Occurrence Start Date" name="msemr_occurenceperiodstartdate" type="datetime" customfield="true" />
      <field displayname="Occurrence Type" name="msemr_occurrencetype" type="optionsetvalue" customfield="true" />
      <field displayname="Name" name="msemr_name" type="string" customfield="true" />
      <field displayname="Organization" name="msemr_requesteragentorganization" type="entityreference" lookupType="account" customfield="true" />
      <field displayname="Patient" name="msemr_requesteragentpatient" type="entityreference" lookupType="contact" customfield="true" />
      <field displayname="Practitioner" name="msemr_requesteragentpractitioner" type="entityreference" lookupType="contact" customfield="true" />
      <field displayname="Practitioner Specialty" name="msemr_practitionerspecialty" type="entityreference" lookupType="msemr_codeableconcept" customfield="true" />
      <field displayname="Referral Request" name="msemr_referralrequestid" type="guid" primaryKey="true" />
      <field displayname="Referral Request Context" name="msemr_contexttype" type="optionsetvalue" customfield="true" />
      <field displayname="Referral Request Intent" name="msemr_intent" type="optionsetvalue" customfield="true" />
      <field displayname="Referral Request Number" name="msemr_referralrequestnumber" type="string" customfield="true" />
      <field displayname="Referral Request Priority" name="msemr_priority" type="optionsetvalue" customfield="true" />
      <field displayname="Referral Request Status" name="msemr_status" type="optionsetvalue" customfield="true" />
      <field displayname="Referral Request Subject" name="msemr_subject" type="optionsetvalue" customfield="true" />
      <field displayname="Referral Request Type" name="msemr_type" type="entityreference" lookupType="msemr_codeableconcept" customfield="true" />
      <field displayname="Related Person" name="msemr_requesteragentrelatedperson" type="entityreference" lookupType="contact" customfield="true" />
      <field displayname="Requester Agent" name="msemr_requesteragent" type="optionsetvalue" customfield="true" />
      <field displayname="Requester on behalf of" name="msemr_requesteronbehalfof" type="entityreference" lookupType="account" customfield="true" />
      <field displayname="Requestor" name="msemr_requestor" type="entityreference" lookupType="account|contact" customfield="true" />
      <field displayname="Subject (Group)" name="msemr_subjectgroup" type="entityreference" lookupType="msemr_codeableconcept" customfield="true" />
      <field displayname="Subject (Patient)" name="msemr_subjectpatient" type="entityreference" lookupType="contact" customfield="true" />
    </fields>
  </entity>
  <entity name="msemr_riskassessment" displayname="Risk Assessment" etc="10352" primaryidfield="msemr_riskassessmentid" primarynamefield="msemr_name" disableplugins="false">
    <fields>
      <field displayname="Basis" name="msemr_basis" type="string" customfield="true" />
      <field displayname="Code" name="msemr_code" type="entityreference" lookupType="msemr_codeableconcept" customfield="true" />
      <field displayname="Comment" name="msemr_comment" type="string" customfield="true" />
      <field displayname="Condition" name="msemr_condition" type="entityreference" lookupType="msemr_condition" customfield="true" />
      <field displayname="Context Type" name="msemr_contexttype" type="optionsetvalue" customfield="true" />
      <field displayname="Date/Time" name="msemr_occurrencedatetime" type="datetime" customfield="true" />
      <field displayname="Device" name="msemr_performerdevice" type="entityreference" lookupType="msemr_device" customfield="true" />
      <field displayname="Encounter" name="msemr_contextencounter" type="entityreference" lookupType="msemr_encounter" customfield="true" />
      <field displayname="End Date/Time" name="msemr_occurrenceenddate" type="datetime" customfield="true" />
      <field displayname="Episode of Care" name="msemr_contextspisodeofcare" type="entityreference" lookupType="msemr_episodeofcare" customfield="true" />
      <field displayname="Group" name="msemr_subjectgroup" type="entityreference" lookupType="msemr_codeableconcept" customfield="true" />
      <field displayname="Method" name="msemr_method" type="entityreference" lookupType="msemr_codeableconcept" customfield="true" />
      <field displayname="Mitigation" name="msemr_mitigation" type="string" customfield="true" />
      <field displayname="Occurrence Type" name="msemr_occurrencetype" type="optionsetvalue" customfield="true" />
      <field displayname="Name" name="msemr_name" type="string" customfield="true" />
      <field displayname="Parent" name="msemr_parent" type="string" customfield="true" />
      <field displayname="Patient" name="msemr_subjectpatient" type="entityreference" lookupType="contact" customfield="true" />
      <field displayname="Performer Type" name="msemr_performertype" type="optionsetvalue" customfield="true" />
      <field displayname="Practitioner" name="msemr_performerpractitioner" type="entityreference" lookupType="contact" customfield="true" />
      <field displayname="Reason Concept" name="msemr_reasonconcept" type="entityreference" lookupType="msemr_codeableconcept" customfield="true" />
      <field displayname="Reason Reference" name="msemr_reasonentity" type="string" customfield="true" />
      <field displayname="Reason Type" name="msemr_reasontype" type="optionsetvalue" customfield="true" />
      <field displayname="Risk Assessment" name="msemr_riskassessmentid" type="guid" primaryKey="true" />
      <field displayname="Risk Assessment Number" name="msemr_riskassessmentnumber" type="string" customfield="true" />
      <field displayname="Start Date/Time" name="msemr_occurrencestartdate" type="datetime" customfield="true" />
      <field displayname="Status" name="msemr_status" type="optionsetvalue" customfield="true" />
      <field displayname="Subject Type" name="msemr_subjecttype" type="optionsetvalue" customfield="true" />
      <field displayname="Based On" name="msemr_basedon" type="string" customfield="true" />
    </fields>
  </entity>
  <entity name="msemr_specimen" displayname="Specimen" etc="10362" primaryidfield="msemr_specimenid" primarynamefield="msemr_name" disableplugins="false">
    <fields>
      <field displayname="Specimen Number" name="msemr_specimennumber" type="string" customfield="true" />
      <field displayname="Accession Number" name="msemr_accessionnumber" type="string" customfield="true" />
      <field displayname="Body Site" name="msemr_bodysite" type="entityreference" lookupType="msemr_codeableconcept" customfield="true" />
      <field displayname="Collected Date Time" name="msemr_collectioncollecteddatetime" type="datetime" customfield="true" />
      <field displayname="Collected Period End" name="msemr_collectioncollectedperiodend" type="datetime" customfield="true" />
      <field displayname="Collected Period Start" name="msemr_collectioncollectedperiodstart" type="datetime" customfield="true" />
      <field displayname="Collector" name="msemr_collectioncollector" type="entityreference" lookupType="contact" customfield="true" />
      <field displayname="Collected Type" name="msemr_collectioncollectedtype" type="optionsetvalue" customfield="true" />
      <field displayname="Device" name="msemr_subjecttypedevice" type="entityreference" lookupType="msemr_device" customfield="true" />
      <field displayname="Group" name="msemr_subjecttypegroup" type="entityreference" lookupType="msemr_codeableconcept" customfield="true" />
      <field displayname="Method" name="msemr_collectedmethod" type="entityreference" lookupType="msemr_codeableconcept" customfield="true" />
      <field displayname="Quantity" name="msemr_collectedquantity" type="number" customfield="true" />
      <field displayname="Patient" name="msemr_subjecttypepatient" type="entityreference" lookupType="contact" customfield="true" />
      <field displayname="Received Time" name="msemr_receivedtime" type="datetime" customfield="true" />
      <field displayname="Specimen" name="msemr_specimenid" type="guid" primaryKey="true" />
      <field displayname="Subject Type" name="msemr_subjecttype" type="optionsetvalue" customfield="true" />
      <field displayname="Status" name="msemr_status" type="optionsetvalue" customfield="true" />
      <field displayname="Substance" name="msemr_subjecttypesubstance" type="entityreference" lookupType="msemr_substance" customfield="true" />
      <field displayname="Type" name="msemr_type" type="entityreference" lookupType="msemr_codeableconcept" customfield="true" />
      <field displayname="Name" name="msemr_name" type="string" customfield="true" />
    </fields>
  </entity>
  <entity name="msemr_medication" displayname="Medication" etc="10180" primaryidfield="msemr_medicationid" primarynamefield="msemr_name" disableplugins="false">
    <fields>
      <field displayname="Code" name="msemr_code" type="entityreference" lookupType="msemr_codeableconcept" customfield="true" />
      <field displayname="Created By" name="createdby" type="entityreference" lookupType="systemuser" />
      <field displayname="Created By (Delegate)" name="createdonbehalfby" type="entityreference" lookupType="systemuser" />
      <field displayname="Created On" name="createdon" type="datetime" />
      <field displayname="Form" name="msemr_form" type="entityreference" lookupType="msemr_codeableconcept" customfield="true" />
      <field displayname="Import Sequence Number" name="importsequencenumber" type="number" />
      <field displayname="Is Brand" name="msemr_isbrand" type="bool" customfield="true" />
      <field displayname="Is Over the Counter" name="msemr_isoverthecounter" type="bool" customfield="true" />
      <field displayname="Manufacturer" name="msemr_manufacturer" type="entityreference" lookupType="account" customfield="true" />
      <field displayname="Medication" name="msemr_medicationid" type="guid" primaryKey="true" />
      <field displayname="Medication Code" name="msemr_medicationcode" type="entityreference" lookupType="msemr_codeableconcept" customfield="true" />
      <field displayname="Modified By" name="modifiedby" type="entityreference" lookupType="systemuser" />
      <field displayname="Modified By (Delegate)" name="modifiedonbehalfby" type="entityreference" lookupType="systemuser" />
      <field displayname="Modified On" name="modifiedon" type="datetime" />
      <field displayname="Name" name="msemr_name" type="string" customfield="true" />
      <field displayname="Owner" name="ownerid" type="owner" />
      <field displayname="Owning Business Unit" name="owningbusinessunit" type="entityreference" lookupType="businessunit" />
      <field displayname="Owning Team" name="owningteam" type="entityreference" lookupType="team" />
      <field displayname="Owning User" name="owninguser" type="entityreference" lookupType="systemuser" />
      <field displayname="Package Container" name="msemr_packagecontainer" type="entityreference" lookupType="msemr_codeableconcept" customfield="true" />
      <field displayname="Record Created On" name="overriddencreatedon" type="datetime" />
      <field displayname="Status" name="statecode" type="state" />
      <field displayname="Status Reason" name="statuscode" type="status" />
      <field displayname="Time Zone Rule Version Number" name="timezoneruleversionnumber" type="number" />
      <field displayname="UTC Conversion Time Zone Code" name="utcconversiontimezonecode" type="number" />
      <field displayname="Version Number" name="versionnumber" type="bigint" />
    </fields>
    <relationships />
  </entity>
  <entity name="msemr_medicationrequest" displayname="Medication Request" etc="10197" primaryidfield="msemr_medicationrequestid" primarynamefield="msemr_name" disableplugins="false">
    <fields>
      <field displayname="Authored On" name="msemr_authoredon" type="datetime" customfield="true" />
      <field displayname="Category" name="msemr_category" type="entityreference" lookupType="msemr_codeableconcept" customfield="true" />
      <field displayname="Context Type" name="msemr_contexttype" type="optionsetvalue" customfield="true" />
      <field displayname="Created By" name="createdby" type="entityreference" lookupType="systemuser" />
      <field displayname="Created By (Delegate)" name="createdonbehalfby" type="entityreference" lookupType="systemuser" />
      <field displayname="Created On" name="createdon" type="datetime" />
      <field displayname="Device" name="msemr_requesteragenttypedevice" type="entityreference" lookupType="msemr_device" customfield="true" />
      <field displayname="Dispense Request Number of Repeats Allowed" name="msemr_dispenserequestnumberofrepeatsallowed" type="number" customfield="true" />
      <field displayname="Dispense Request Quantity" name="msemr_dispenserequestquantity" type="number" customfield="true" />
      <field displayname="Dispense Request Validity Period End Date" name="msemr_dispenserequestvalidityperiodenddate" type="datetime" customfield="true" />
      <field displayname="Dispense Request Validity Period Start Date" name="msemr_dispenserequestvalidityperiodstartdate" type="datetime" customfield="true" />
      <field displayname="Encounter" name="msemr_contexttypeencounter" type="entityreference" lookupType="msemr_encounter" customfield="true" />
      <field displayname="Episode of Care" name="msemr_contexttypeepisodeofcare" type="entityreference" lookupType="msemr_episodeofcare" customfield="true" />
      <field displayname="Expected Supply Duration" name="msemr_expectedsupplyduration" type="decimal" customfield="true" />
      <field displayname="Group" name="msemr_subjecttypegroup" type="entityreference" lookupType="msemr_codeableconcept" customfield="true" />
      <field displayname="Group Identifier" name="msemr_groupidentifier" type="string" customfield="true" />
      <field displayname="Import Sequence Number" name="importsequencenumber" type="number" />
      <field displayname="Intent" name="msemr_intent" type="optionsetvalue" customfield="true" />
      <field displayname="Medication Code" name="msemr_medicationtypecodeableconcept" type="entityreference" lookupType="msemr_codeableconcept" customfield="true" />
      <field displayname="Medication Reference" name="msemr_medicationreferencenew" type="entityreference" lookupType="msemr_medication" customfield="true" />
      <field displayname="Medication Request" name="msemr_medicationrequestid" type="guid" primaryKey="true" />
      <field displayname="Medication Request Number" name="msemr_identifier" type="string" customfield="true" />
      <field displayname="Medication Type" name="msemr_medicationtype" type="optionsetvalue" customfield="true" />
      <field displayname="Modified By" name="modifiedby" type="entityreference" lookupType="systemuser" />
      <field displayname="Modified By (Delegate)" name="modifiedonbehalfby" type="entityreference" lookupType="systemuser" />
      <field displayname="Modified On" name="modifiedon" type="datetime" />
      <field displayname="Name" name="msemr_name" type="string" customfield="true" />
      <field displayname="On Behalf Of" name="msemr_requesteronbehalfof" type="entityreference" lookupType="account" customfield="true" />
      <field displayname="Organization" name="msemr_requesteragenttypeorganization" type="entityreference" lookupType="account" customfield="true" />
      <field displayname="Owner" name="ownerid" type="owner" />
      <field displayname="Owning Business Unit" name="owningbusinessunit" type="entityreference" lookupType="businessunit" />
      <field displayname="Owning Team" name="owningteam" type="entityreference" lookupType="team" />
      <field displayname="Owning User" name="owninguser" type="entityreference" lookupType="systemuser" />
      <field displayname="Performer" name="msemr_dispenserequestperformer" type="entityreference" lookupType="account" customfield="true" />
      <field displayname="Practitoner" name="msemr_requesteragenttypepractitioner" type="entityreference" lookupType="contact" customfield="true" />
      <field displayname="Prior Prescription" name="msemr_priorprescription" type="entityreference" lookupType="msemr_medicationrequest" customfield="true" />
      <field displayname="Priority" name="msemr_priority" type="optionsetvalue" customfield="true" />
      <field displayname="Record Created On" name="overriddencreatedon" type="datetime" />
      <field displayname="Recorder" name="msemr_recorder" type="entityreference" lookupType="contact" customfield="true" />
      <field displayname="Related Person" name="msemr_requesteragenttyperelatedperson" type="entityreference" lookupType="contact" customfield="true" />
      <field displayname="Requester Agent (Patient)" name="msemr_requesteragenttypepatient" type="entityreference" lookupType="contact" customfield="true" />
      <field displayname="Requester Agent Type" name="msemr_requesteragenttype" type="optionsetvalue" customfield="true" />
      <field displayname="Status" name="msemr_status" type="optionsetvalue" customfield="true" />
      <field displayname="Status" name="statecode" type="state" />
      <field displayname="Status Reason" name="statuscode" type="status" />
      <field displayname="Subject Type" name="msemr_subjecttype" type="optionsetvalue" customfield="true" />
      <field displayname="Subject Type (Patient)" name="msemr_subjecttypepatient" type="entityreference" lookupType="contact" customfield="true" />
      <field displayname="Substitution Allowed" name="msemr_substitutionallowed" type="bool" customfield="true" />
      <field displayname="Substitution Reason" name="msemr_substitutionreason" type="entityreference" lookupType="msemr_codeableconcept" customfield="true" />
      <field displayname="Time Zone Rule Version Number" name="timezoneruleversionnumber" type="number" />
      <field displayname="UTC Conversion Time Zone Code" name="utcconversiontimezonecode" type="number" />
      <field displayname="Version Number" name="versionnumber" type="bigint" />
    </fields>
    <relationships />
  </entity>
  <entity name="msemr_medicationadministration" displayname="Medication Administration" etc="10181" primaryidfield="msemr_medicationadministrationid" primarynamefield="msemr_name" disableplugins="false">
    <fields>
      <field displayname="Category" name="msemr_category" type="entityreference" lookupType="msemr_codeableconcept" customfield="true" />
      <field displayname="Context Type" name="msemr_contexttype" type="optionsetvalue" customfield="true" />
      <field displayname="Created By" name="createdby" type="entityreference" lookupType="systemuser" />
      <field displayname="Created By (Delegate)" name="createdonbehalfby" type="entityreference" lookupType="systemuser" />
      <field displayname="Created On" name="createdon" type="datetime" />
      <field displayname="Dosage Dose" name="msemr_dosagedose" type="number" customfield="true" />
      <field displayname="Dosage Method" name="msemr_dosagemethod" type="entityreference" lookupType="msemr_codeableconcept" customfield="true" />
      <field displayname="Dosage Quantity" name="msemr_dosageratequantity" type="number" customfield="true" />
      <field displayname="Dosage Rate Type" name="msemr_dosageratetype" type="optionsetvalue" customfield="true" />
      <field displayname="Dosage Route" name="msemr_dosageroute" type="entityreference" lookupType="msemr_codeableconcept" customfield="true" />
      <field displayname="Dosage Site" name="msemr_dosagesite" type="entityreference" lookupType="msemr_codeableconcept" customfield="true" />
      <field displayname="Dosage Text" name="msemr_dosagetext" type="string" customfield="true" />
      <field displayname="Effective Date time" name="msemr_effectivedatetime" type="datetime" customfield="true" />
      <field displayname="Effective Period End Date" name="msemr_effectiveperiodenddate" type="datetime" customfield="true" />
      <field displayname="Effective Period Start Date" name="msemr_effectiveperiodstartdate" type="datetime" customfield="true" />
      <field displayname="Effective Type" name="msemr_effectivetype" type="optionsetvalue" customfield="true" />
      <field displayname="Encounter" name="msemr_contexttypeencounter" type="entityreference" lookupType="msemr_encounter" customfield="true" />
      <field displayname="Episode Of Care" name="msemr_contexttypeepisodeofcare" type="entityreference" lookupType="msemr_episodeofcare" customfield="true" />
      <field displayname="Group" name="msemr_subjecttypegroup" type="entityreference" lookupType="msemr_codeableconcept" customfield="true" />
      <field displayname="Import Sequence Number" name="importsequencenumber" type="number" />
      <field displayname="Medication Administration" name="msemr_medicationadministrationid" type="guid" primaryKey="true" />
      <field displayname="Medication Administration Number" name="msemr_medicationadministrationnumber" type="string" customfield="true" />
      <field displayname="Medication Codeable Concept" name="msemr_medicationcodeableconcept" type="entityreference" lookupType="msemr_codeableconcept" customfield="true" />
      <field displayname="Medication Reference" name="msemr_medicationreferencenew" type="entityreference" lookupType="msemr_medication" customfield="true" />
      <field displayname="Medication Type" name="msemr_medicationtype" type="optionsetvalue" customfield="true" />
      <field displayname="Modified By" name="modifiedby" type="entityreference" lookupType="systemuser" />
      <field displayname="Modified By (Delegate)" name="modifiedonbehalfby" type="entityreference" lookupType="systemuser" />
      <field displayname="Modified On" name="modifiedon" type="datetime" />
      <field displayname="Name" name="msemr_name" type="string" customfield="true" />
      <field displayname="Not Given" name="msemr_notgiven" type="bool" customfield="true" />
      <field displayname="Owner" name="ownerid" type="owner" />
      <field displayname="Owning Business Unit" name="owningbusinessunit" type="entityreference" lookupType="businessunit" />
      <field displayname="Owning Team" name="owningteam" type="entityreference" lookupType="team" />
      <field displayname="Owning User" name="owninguser" type="entityreference" lookupType="systemuser" />
      <field displayname="Patient" name="msemr_subjecttypepatient" type="entityreference" lookupType="contact" customfield="true" />
      <field displayname="Prescription" name="msemr_prescription" type="entityreference" lookupType="msemr_medicationrequest" customfield="true" />
      <field displayname="Ratio Denominator Code" name="msemr_ratiodenominatorcode" type="entityreference" lookupType="msemr_codeableconcept" customfield="true" />
      <field displayname="Ratio Denominator Comparator" name="msemr_rateratioquantitydenominatorcomparator" type="optionsetvalue" customfield="true" />
      <field displayname="Ratio Denominator System" name="msemr_rateratiotquantitydenominatorsystem" type="string" customfield="true" />
      <field displayname="Ratio Denominator Unit" name="msemr_rateratioquantitydenominatorunit" type="string" customfield="true" />
      <field displayname="Ratio Denominator Value" name="msemr_rateratioquantitydenominatorvalue" type="decimal" customfield="true" />
      <field displayname="Ratio Numerator Code" name="msemr_rateratioquantitynumeratorcode" type="entityreference" lookupType="msemr_codeableconcept" customfield="true" />
      <field displayname="Ratio Numerator Comparator" name="msemr_rateratioquantitynumeratorcomparator" type="optionsetvalue" customfield="true" />
      <field displayname="Ratio Numerator System" name="msemr_rateratioquantitynumeratorsystem" type="string" customfield="true" />
      <field displayname="Ratio Numerator Unit" name="msemr_rateratioquantitynumeratorunit" type="string" customfield="true" />
      <field displayname="Ratio Numerator Value" name="msemr_rateratioquantitynumeratorvalue" type="decimal" customfield="true" />
      <field displayname="Record Created On" name="overriddencreatedon" type="datetime" />
      <field displayname="Status" name="msemr_status" type="optionsetvalue" customfield="true" />
      <field displayname="Status" name="statecode" type="state" />
      <field displayname="Status Reason" name="statuscode" type="status" />
      <field displayname="Subject Type" name="msemr_subjecttype" type="optionsetvalue" customfield="true" />
      <field displayname="Time Zone Rule Version Number" name="timezoneruleversionnumber" type="number" />
      <field displayname="UTC Conversion Time Zone Code" name="utcconversiontimezonecode" type="number" />
      <field displayname="Version Number" name="versionnumber" type="bigint" />
    </fields>
    <relationships />
  </entity>
  <entity name="msemr_procedure" displayname="Procedure" etc="10265" primaryidfield="msemr_procedureid" primarynamefield="msemr_description" disableplugins="false">
    <fields>
      <field displayname="Category" name="msemr_category" type="entityreference" lookupType="msemr_codeableconcept" customfield="true" />
      <field displayname="Code" name="msemr_codenew" type="entityreference" lookupType="msemr_medication" customfield="true" />
      <field displayname="Created By" name="createdby" type="entityreference" lookupType="systemuser" />
      <field displayname="Created By (Delegate)" name="createdonbehalfby" type="entityreference" lookupType="systemuser" />
      <field displayname="Created On" name="createdon" type="datetime" />
      <field displayname="Date/Time" name="msemr_datetime" type="datetime" customfield="true" />
      <field displayname="Description" name="msemr_description" type="string" customfield="true" />
      <field displayname="Encounter" name="msemr_encounter" type="entityreference" lookupType="msemr_encounter" customfield="true" />
      <field displayname="Episode of Care" name="msemr_episodeofcare" type="entityreference" lookupType="msemr_episodeofcare" customfield="true" />
      <field displayname="Group" name="msemr_group" type="entityreference" lookupType="msemr_codeableconcept" customfield="true" />
      <field displayname="Import Sequence Number" name="importsequencenumber" type="number" />
      <field displayname="Location" name="msemr_location" type="entityreference" lookupType="msemr_location" customfield="true" />
      <field displayname="Modified By" name="modifiedby" type="entityreference" lookupType="systemuser" />
      <field displayname="Modified By (Delegate)" name="modifiedonbehalfby" type="entityreference" lookupType="systemuser" />
      <field displayname="Modified On" name="modifiedon" type="datetime" />
      <field displayname="Not Done" name="msemr_notdone" type="bool" customfield="true" />
      <field displayname="Outcome" name="msemr_outcome" type="entityreference" lookupType="msemr_codeableconcept" customfield="true" />
      <field displayname="Owner" name="ownerid" type="owner" />
      <field displayname="Owning Business Unit" name="owningbusinessunit" type="entityreference" lookupType="businessunit" />
      <field displayname="Owning Team" name="owningteam" type="entityreference" lookupType="team" />
      <field displayname="Owning User" name="owninguser" type="entityreference" lookupType="systemuser" />
      <field displayname="Patient" name="msemr_patient" type="entityreference" lookupType="contact" customfield="true" />
      <field displayname="Performed End Date" name="msemr_performedenddate" type="datetime" customfield="true" />
      <field displayname="Performed Start Date" name="msemr_performedstartdate" type="datetime" customfield="true" />
      <field displayname="Procedure" name="msemr_procedureid" type="guid" primaryKey="true" />
      <field displayname="Procedure ID" name="msemr_procedureidentifier" type="string" customfield="true" />
      <field displayname="Reason" name="msemr_notdonereason" type="entityreference" lookupType="msemr_codeableconcept" customfield="true" />
      <field displayname="Record Created On" name="overriddencreatedon" type="datetime" />
      <field displayname="Status" name="statecode" type="state" />
      <field displayname="Status" name="msemr_status" type="optionsetvalue" customfield="true" />
      <field displayname="Status Reason" name="statuscode" type="status" />
      <field displayname="Subject Type" name="msemr_subjecttype" type="optionsetvalue" customfield="true" />
      <field displayname="Time Zone Rule Version Number" name="timezoneruleversionnumber" type="number" />
      <field displayname="UTC Conversion Time Zone Code" name="utcconversiontimezonecode" type="number" />
      <field displayname="Version Number" name="versionnumber" type="bigint" />
    </fields>
    <relationships />
  </entity>
</entities>