<ImportExportXml version="9.1.0.19564" SolutionPackageVersion="9.1" languagecode="1033" generatedBy="CrmLive" xmlns:xsi="http://www.w3.org/2001/XMLSchema-instance">
  <SolutionManifest>
    <UniqueName>Dynamics365ElectronicMedicalRecords</UniqueName>
    <LocalizedNames>
      <LocalizedName description="Dynamics 365 Electronic Medical Records" languagecode="1033" />
    </LocalizedNames>
    <Descriptions>
      <Description description="Upgrade of Dynamics 365 Electronic Medical Records" languagecode="1033" />
    </Descriptions>
    <Version>2.2.3.3</Version>
    <Managed>1</Managed>
    <Publisher>
      <UniqueName>microsoftdynamics365electronicmedicalrecords</UniqueName>
      <LocalizedNames>
        <LocalizedName description="Microsoft Dynamics 365 Electronic Medical Records" languagecode="1033" />
      </LocalizedNames>
      <Descriptions>
        <Description description="Microsoft Dynamics 365 Electronic Medical Records" languagecode="1033" />
      </Descriptions>
      <EMailAddress xsi:nil="true"></EMailAddress>
      <SupportingWebsiteUrl xsi:nil="true"></SupportingWebsiteUrl>
      <CustomizationPrefix>msemr</CustomizationPrefix>
      <CustomizationOptionValuePrefix>49130</CustomizationOptionValuePrefix>
      <Addresses>
        <Address>
          <AddressNumber>1</AddressNumber>
          <AddressTypeCode>1</AddressTypeCode>
          <City xsi:nil="true"></City>
          <County xsi:nil="true"></County>
          <Country xsi:nil="true"></Country>
          <Fax xsi:nil="true"></Fax>
          <FreightTermsCode xsi:nil="true"></FreightTermsCode>
          <ImportSequenceNumber xsi:nil="true"></ImportSequenceNumber>
          <Latitude xsi:nil="true"></Latitude>
          <Line1 xsi:nil="true"></Line1>
          <Line2 xsi:nil="true"></Line2>
          <Line3 xsi:nil="true"></Line3>
          <Longitude xsi:nil="true"></Longitude>
          <Name xsi:nil="true"></Name>
          <PostalCode xsi:nil="true"></PostalCode>
          <PostOfficeBox xsi:nil="true"></PostOfficeBox>
          <PrimaryContactName xsi:nil="true"></PrimaryContactName>
          <ShippingMethodCode>1</ShippingMethodCode>
          <StateOrProvince xsi:nil="true"></StateOrProvince>
          <Telephone1 xsi:nil="true"></Telephone1>
          <Telephone2 xsi:nil="true"></Telephone2>
          <Telephone3 xsi:nil="true"></Telephone3>
          <TimeZoneRuleVersionNumber xsi:nil="true"></TimeZoneRuleVersionNumber>
          <UPSZone xsi:nil="true"></UPSZone>
          <UTCOffset xsi:nil="true"></UTCOffset>
          <UTCConversionTimeZoneCode xsi:nil="true"></UTCConversionTimeZoneCode>
        </Address>
        <Address>
          <AddressNumber>2</AddressNumber>
          <AddressTypeCode>1</AddressTypeCode>
          <City xsi:nil="true"></City>
          <County xsi:nil="true"></County>
          <Country xsi:nil="true"></Country>
          <Fax xsi:nil="true"></Fax>
          <FreightTermsCode xsi:nil="true"></FreightTermsCode>
          <ImportSequenceNumber xsi:nil="true"></ImportSequenceNumber>
          <Latitude xsi:nil="true"></Latitude>
          <Line1 xsi:nil="true"></Line1>
          <Line2 xsi:nil="true"></Line2>
          <Line3 xsi:nil="true"></Line3>
          <Longitude xsi:nil="true"></Longitude>
          <Name xsi:nil="true"></Name>
          <PostalCode xsi:nil="true"></PostalCode>
          <PostOfficeBox xsi:nil="true"></PostOfficeBox>
          <PrimaryContactName xsi:nil="true"></PrimaryContactName>
          <ShippingMethodCode>1</ShippingMethodCode>
          <StateOrProvince xsi:nil="true"></StateOrProvince>
          <Telephone1 xsi:nil="true"></Telephone1>
          <Telephone2 xsi:nil="true"></Telephone2>
          <Telephone3 xsi:nil="true"></Telephone3>
          <TimeZoneRuleVersionNumber xsi:nil="true"></TimeZoneRuleVersionNumber>
          <UPSZone xsi:nil="true"></UPSZone>
          <UTCOffset xsi:nil="true"></UTCOffset>
          <UTCConversionTimeZoneCode xsi:nil="true"></UTCConversionTimeZoneCode>
        </Address>
      </Addresses>
    </Publisher>
    <RootComponents>
      <RootComponent type="1" schemaName="account" behavior="1" />
      <RootComponent type="1" schemaName="activitypointer" behavior="1" />
      <RootComponent type="1" schemaName="contact" behavior="1" />
      <RootComponent type="1" schemaName="customeraddress" behavior="1" />
      <RootComponent type="1" schemaName="msemr_accounttype" behavior="0" />
      <RootComponent type="1" schemaName="msemr_activitydefinitionbodysite" behavior="0" />
      <RootComponent type="1" schemaName="msemr_activitydefinitioncontact" behavior="0" />
      <RootComponent type="1" schemaName="msemr_activitydefinitioncontributor" behavior="0" />
      <RootComponent type="1" schemaName="msemr_activitydefinitioncontributorcontact" behavior="0" />
      <RootComponent type="1" schemaName="msemr_activitydefinitiondosage" behavior="0" />
      <RootComponent type="1" schemaName="msemr_activitydefinitiondynamicvalue" behavior="0" />
      <RootComponent type="1" schemaName="msemr_activitydefinitionjurisdiction" behavior="0" />
      <RootComponent type="1" schemaName="msemr_activitydefinitionlibrary" behavior="0" />
      <RootComponent type="1" schemaName="msemr_activitydefinitionparticipant" behavior="0" />
      <RootComponent type="1" schemaName="msemr_activitydefinitionrelatedartifact" behavior="0" />
      <RootComponent type="1" schemaName="msemr_activitydefinitiontopic" behavior="0" />
      <RootComponent type="1" schemaName="msemr_activitydefinitionusecontext" behavior="0" />
      <RootComponent type="1" schemaName="msemr_additionalname" behavior="0" />
      <RootComponent type="1" schemaName="msemr_allergyintolerance" behavior="0" />
      <RootComponent type="1" schemaName="msemr_appointmentemr" behavior="0" />
      <RootComponent type="1" schemaName="msemr_appointmentemrindication" behavior="0" />
      <RootComponent type="1" schemaName="msemr_appointmentemrparticipant" behavior="0" />
      <RootComponent type="1" schemaName="msemr_appointmentemrreason" behavior="0" />
      <RootComponent type="1" schemaName="msemr_appointmentemrreferralrequest" behavior="0" />
      <RootComponent type="1" schemaName="msemr_appointmentemrrequestedperiod" behavior="0" />
      <RootComponent type="1" schemaName="msemr_appointmentemrservicetype" behavior="0" />
      <RootComponent type="1" schemaName="msemr_appointmentemrslot" behavior="0" />
      <RootComponent type="1" schemaName="msemr_appointmentemrspecialty" behavior="0" />
      <RootComponent type="1" schemaName="msemr_appointmentservicecategory" behavior="0" />
      <RootComponent type="1" schemaName="msemr_bodysite" behavior="0" />
      <RootComponent type="1" schemaName="msemr_careplan" behavior="0" />
      <RootComponent type="1" schemaName="msemr_careplanactivity" behavior="0" />
      <RootComponent type="1" schemaName="msemr_careplanactivitygoal" behavior="0" />
      <RootComponent type="1" schemaName="msemr_careplanactivityoutcome" behavior="0" />
      <RootComponent type="1" schemaName="msemr_careplanactivityoutreference" behavior="0" />
      <RootComponent type="1" schemaName="msemr_careplanactivityperformer" behavior="0" />
      <RootComponent type="1" schemaName="msemr_careplanactivityreason" behavior="0" />
      <RootComponent type="1" schemaName="msemr_careplanactivityreasoncode" behavior="0" />
      <RootComponent type="1" schemaName="msemr_careplanactivityreasonreference" behavior="0" />
      <RootComponent type="1" schemaName="msemr_careplanaddresses" behavior="0" />
      <RootComponent type="1" schemaName="msemr_careplanauthor" behavior="0" />
      <RootComponent type="1" schemaName="msemr_careplanbasedon" behavior="0" />
      <RootComponent type="1" schemaName="msemr_careplancareteam" behavior="0" />
      <RootComponent type="1" schemaName="msemr_careplancategory" behavior="0" />
      <RootComponent type="1" schemaName="msemr_careplandefinition" behavior="0" />
      <RootComponent type="1" schemaName="msemr_careplangoal" behavior="0" />
      <RootComponent type="1" schemaName="msemr_careplangoalmeasure" behavior="0" />
      <RootComponent type="1" schemaName="msemr_careplangoaloutcome" behavior="0" />
      <RootComponent type="1" schemaName="msemr_careplanpartof" behavior="0" />
      <RootComponent type="1" schemaName="msemr_careplanreplace" behavior="0" />
      <RootComponent type="1" schemaName="msemr_careplansupportinfo" behavior="0" />
      <RootComponent type="1" schemaName="msemr_careteam" behavior="0" />
      <RootComponent type="1" schemaName="msemr_careteamcategory" behavior="0" />
      <RootComponent type="1" schemaName="msemr_careteammanagingorganization" behavior="0" />
      <RootComponent type="1" schemaName="msemr_careteamparticipant" behavior="0" />
      <RootComponent type="1" schemaName="msemr_careteamparticipantrole" behavior="0" />
      <RootComponent type="1" schemaName="msemr_careteamreasoncode" behavior="0" />
      <RootComponent type="1" schemaName="msemr_careteamreasonreference" behavior="0" />
      <RootComponent type="1" schemaName="msemr_clinicalimpression" behavior="0" />
      <RootComponent type="1" schemaName="msemr_clinicalimpressionaction" behavior="0" />
      <RootComponent type="1" schemaName="msemr_clinicalimpressionfinding" behavior="0" />
      <RootComponent type="1" schemaName="msemr_clinicalimpressioninvestigation" behavior="0" />
      <RootComponent type="1" schemaName="msemr_clinicalimpressioninvetigationitem" behavior="0" />
      <RootComponent type="1" schemaName="msemr_clinicalimpressionproblem" behavior="0" />
      <RootComponent type="1" schemaName="msemr_clinicalimpressionprognosis" behavior="0" />
      <RootComponent type="1" schemaName="msemr_clinicalimpressionprotocol" behavior="0" />
      <RootComponent type="1" schemaName="msemr_codeableconcept" behavior="0" />
      <RootComponent type="1" schemaName="msemr_communication" behavior="0" />
      <RootComponent type="1" schemaName="msemr_communicationrequest" behavior="0" />
      <RootComponent type="1" schemaName="msemr_communicationrequestbasedon" behavior="0" />
      <RootComponent type="1" schemaName="msemr_communicationrequestcategory" behavior="0" />
      <RootComponent type="1" schemaName="msemr_communicationrequestmedium" behavior="0" />
      <RootComponent type="1" schemaName="msemr_communicationrequestpayload" behavior="0" />
      <RootComponent type="1" schemaName="msemr_communicationrequestreasnref" behavior="0" />
      <RootComponent type="1" schemaName="msemr_communicationrequestreason" behavior="0" />
      <RootComponent type="1" schemaName="msemr_communicationrequestrecipient" behavior="0" />
      <RootComponent type="1" schemaName="msemr_communicationrequestreplace" behavior="0" />
      <RootComponent type="1" schemaName="msemr_communicationrequesttopic" behavior="0" />
      <RootComponent type="1" schemaName="msemr_condition" behavior="0" />
      <RootComponent type="1" schemaName="msemr_conditionbodysite" behavior="0" />
      <RootComponent type="1" schemaName="msemr_conditioncategory" behavior="0" />
      <RootComponent type="1" schemaName="msemr_conditionevidence" behavior="0" />
      <RootComponent type="1" schemaName="msemr_conditionstage" behavior="0" />
      <RootComponent type="1" schemaName="msemr_contactlink" behavior="0" />
      <RootComponent type="1" schemaName="msemr_datarequirement" behavior="0" />
      <RootComponent type="1" schemaName="msemr_datarequirementcodefilter" behavior="0" />
      <RootComponent type="1" schemaName="msemr_datarequirementcodefiltervaluecode" behavior="0" />
      <RootComponent type="1" schemaName="msemr_datarequirementcodefiltervaluecodeablec" behavior="0" />
      <RootComponent type="1" schemaName="msemr_datarequirementcodefiltervaluecoding" behavior="0" />
      <RootComponent type="1" schemaName="msemr_datarequirementdatefilter" behavior="0" />
      <RootComponent type="1" schemaName="msemr_datarequirementmustsupport" behavior="0" />
      <RootComponent type="1" schemaName="msemr_datarequirementprofile" behavior="0" />
      <RootComponent type="1" schemaName="msemr_device" behavior="0" />
      <RootComponent type="1" schemaName="msemr_devicecalibration" behavior="0" />
      <RootComponent type="1" schemaName="msemr_devicecomponent" behavior="0" />
      <RootComponent type="1" schemaName="msemr_devicecomponentoperationalstatus" behavior="0" />
      <RootComponent type="1" schemaName="msemr_devicecomponentproductionspecification" behavior="0" />
      <RootComponent type="1" schemaName="msemr_devicecontactpoint" behavior="0" />
      <RootComponent type="1" schemaName="msemr_devicemetric" behavior="0" />
      <RootComponent type="1" schemaName="msemr_devicemetrictype" behavior="0" />
      <RootComponent type="1" schemaName="msemr_devicerequest" behavior="0" />
      <RootComponent type="1" schemaName="msemr_devicerequestbasedon" behavior="0" />
      <RootComponent type="1" schemaName="msemr_devicerequestdefinition" behavior="0" />
      <RootComponent type="1" schemaName="msemr_devicerequestpriorrequest" behavior="0" />
      <RootComponent type="1" schemaName="msemr_devicerequestreasoncode" behavior="0" />
      <RootComponent type="1" schemaName="msemr_devicerequestreasonreference" behavior="0" />
      <RootComponent type="1" schemaName="msemr_devicerequestrelevanthistories" behavior="0" />
      <RootComponent type="1" schemaName="msemr_devicerequestsupportinginfo" behavior="0" />
      <RootComponent type="1" schemaName="msemr_devicesafety" behavior="0" />
      <RootComponent type="1" schemaName="msemr_devicestatus" behavior="0" />
      <RootComponent type="1" schemaName="msemr_dosage" behavior="0" />
      <RootComponent type="1" schemaName="msemr_dosageaddinstruction" behavior="0" />
      <RootComponent type="1" schemaName="msemr_encounter" behavior="0" />
      <RootComponent type="1" schemaName="msemr_encounteraccount" behavior="0" />
      <RootComponent type="1" schemaName="msemr_encounterclasshistory" behavior="0" />
      <RootComponent type="1" schemaName="msemr_encounterdiagnosis" behavior="0" />
      <RootComponent type="1" schemaName="msemr_encounterepisodeofcare" behavior="0" />
      <RootComponent type="1" schemaName="msemr_encounterhospitalizationarrangement" behavior="0" />
      <RootComponent type="1" schemaName="msemr_encounterhospitalizationcourtesy" behavior="0" />
      <RootComponent type="1" schemaName="msemr_encounterhospitalizationdiet" behavior="0" />
      <RootComponent type="1" schemaName="msemr_encounterlocation" behavior="0" />
      <RootComponent type="1" schemaName="msemr_encounterparticipant" behavior="0" />
      <RootComponent type="1" schemaName="msemr_encounterparticipanttype" behavior="0" />
      <RootComponent type="1" schemaName="msemr_encounterreason" behavior="0" />
      <RootComponent type="1" schemaName="msemr_encounterreferralrequest" behavior="0" />
      <RootComponent type="1" schemaName="msemr_encounterstatushistory" behavior="0" />
      <RootComponent type="1" schemaName="msemr_encountertype" behavior="0" />
      <RootComponent type="1" schemaName="msemr_endpoint" behavior="0" />
      <RootComponent type="1" schemaName="msemr_endpointcontact" behavior="0" />
      <RootComponent type="1" schemaName="msemr_endpointheader" behavior="0" />
      <RootComponent type="1" schemaName="msemr_endpointpayloadmimetype" behavior="0" />
      <RootComponent type="1" schemaName="msemr_endpointpayloadtype" behavior="0" />
      <RootComponent type="1" schemaName="msemr_episodeofcare" behavior="0" />
      <RootComponent type="1" schemaName="msemr_episodeofcareaccount" behavior="0" />
      <RootComponent type="1" schemaName="msemr_episodeofcarecareteam" behavior="0" />
      <RootComponent type="1" schemaName="msemr_episodeofcarediagnosis" behavior="0" />
      <RootComponent type="1" schemaName="msemr_episodeofcarehistory" behavior="0" />
      <RootComponent type="1" schemaName="msemr_episodeofcarereferralrequest" behavior="0" />
      <RootComponent type="1" schemaName="msemr_episodeofcaretype" behavior="0" />
      <RootComponent type="1" schemaName="msemr_familymemberhistory" behavior="0" />
      <RootComponent type="1" schemaName="msemr_familymemberhistorycondition" behavior="0" />
      <RootComponent type="1" schemaName="msemr_familymemberhistorydefintion" behavior="0" />
      <RootComponent type="1" schemaName="msemr_familymemberhistoryreason" behavior="0" />
      <RootComponent type="1" schemaName="msemr_familymemberhistoryreasonreference" behavior="0" />
      <RootComponent type="1" schemaName="msemr_goal" behavior="0" />
      <RootComponent type="1" schemaName="msemr_goaladdresses" behavior="0" />
      <RootComponent type="1" schemaName="msemr_goalcategory" behavior="0" />
      <RootComponent type="1" schemaName="msemr_goaloutcome" behavior="0" />
      <RootComponent type="1" schemaName="msemr_goaloutcomereference" behavior="0" />
      <RootComponent type="1" schemaName="msemr_healthcareservice" behavior="0" />
      <RootComponent type="1" schemaName="msemr_healthcareserviceavailabletime" behavior="0" />
      <RootComponent type="1" schemaName="msemr_healthcareservicecategory" behavior="0" />
      <RootComponent type="1" schemaName="msemr_healthcareservicecharacteristic" behavior="0" />
      <RootComponent type="1" schemaName="msemr_healthcareservicecoveragearea" behavior="0" />
      <RootComponent type="1" schemaName="msemr_healthcareserviceendpoint" behavior="0" />
      <RootComponent type="1" schemaName="msemr_healthcareservicelocation" behavior="0" />
      <RootComponent type="1" schemaName="msemr_healthcareserviceprogramname" behavior="0" />
      <RootComponent type="1" schemaName="msemr_healthcareserviceprovision" behavior="0" />
      <RootComponent type="1" schemaName="msemr_healthcareservicereferralmethod" behavior="0" />
      <RootComponent type="1" schemaName="msemr_healthcareservicespecialty" behavior="0" />
      <RootComponent type="1" schemaName="msemr_healthcareservicetelecomm" behavior="0" />
      <RootComponent type="1" schemaName="msemr_identifiesspecifictimeswhentheeventoccu" behavior="0" />
      <RootComponent type="1" schemaName="msemr_location" behavior="0" />
      <RootComponent type="1" schemaName="msemr_locationendpoint" behavior="0" />
      <RootComponent type="1" schemaName="msemr_locationtelecom" behavior="0" />
      <RootComponent type="1" schemaName="msemr_medicalidentifier" behavior="0" />
      <RootComponent type="1" schemaName="msemr_medication" behavior="0" />
      <RootComponent type="1" schemaName="msemr_medicationadministration" behavior="0" />
      <RootComponent type="1" schemaName="msemr_medicationadministrationdefinition" behavior="0" />
      <RootComponent type="1" schemaName="msemr_medicationadministrationdevice" behavior="0" />
      <RootComponent type="1" schemaName="msemr_medicationadministrationeventhistory" behavior="0" />
      <RootComponent type="1" schemaName="msemr_medicationadministrationpartof" behavior="0" />
      <RootComponent type="1" schemaName="msemr_medicationadministrationperformer" behavior="0" />
      <RootComponent type="1" schemaName="msemr_medicationadministrationreasoncode" behavior="0" />
      <RootComponent type="1" schemaName="msemr_medicationadministrationreasonnotgiven" behavior="0" />
      <RootComponent type="1" schemaName="msemr_medicationadministrationreasonreference" behavior="0" />
      <RootComponent type="1" schemaName="msemr_medicationadministrationsupportinginfo" behavior="0" />
      <RootComponent type="1" schemaName="msemr_medicationcode" behavior="0" />
      <RootComponent type="1" schemaName="msemr_medicationform" behavior="0" />
      <RootComponent type="1" schemaName="msemr_medicationimage" behavior="0" />
      <RootComponent type="1" schemaName="msemr_medicationingredient" behavior="0" />
      <RootComponent type="1" schemaName="msemr_medicationpackagebatch" behavior="0" />
      <RootComponent type="1" schemaName="msemr_medicationpackagecontent" behavior="0" />
      <RootComponent type="1" schemaName="msemr_medicationrequest" behavior="0" />
      <RootComponent type="1" schemaName="msemr_medicationrequestbasedon" behavior="0" />
      <RootComponent type="1" schemaName="msemr_medicationrequestdefinition" behavior="0" />
      <RootComponent type="1" schemaName="msemr_medicationrequestdetectedissue" behavior="0" />
      <RootComponent type="1" schemaName="msemr_medicationrequestdosageinstruction" behavior="0" />
      <RootComponent type="1" schemaName="msemr_medicationrequesteventhistory" behavior="0" />
      <RootComponent type="1" schemaName="msemr_medicationrequestreasoncode" behavior="0" />
      <RootComponent type="1" schemaName="msemr_medicationrequestreasonreference" behavior="0" />
      <RootComponent type="1" schemaName="msemr_medicationrequestsupportinginfo" behavior="0" />
      <RootComponent type="1" schemaName="msemr_nutritionorder" behavior="0" />
      <RootComponent type="1" schemaName="msemr_nutritionorderallergyintolerance" behavior="0" />
      <RootComponent type="1" schemaName="msemr_nutritionorderenteralformulaadministrat" behavior="0" />
      <RootComponent type="1" schemaName="msemr_nutritionorderexcludefoodmodifier" behavior="0" />
      <RootComponent type="1" schemaName="msemr_nutritionorderfoodpreferencemodifier" behavior="0" />
      <RootComponent type="1" schemaName="msemr_nutritionorderoraldietfluidconsistencyt" behavior="0" />
      <RootComponent type="1" schemaName="msemr_nutritionorderoraldietnutrient" behavior="0" />
      <RootComponent type="1" schemaName="msemr_nutritionorderoraldietschedule" behavior="0" />
      <RootComponent type="1" schemaName="msemr_nutritionorderoraldiettexture" behavior="0" />
      <RootComponent type="1" schemaName="msemr_nutritionorderoraldiettype" behavior="0" />
      <RootComponent type="1" schemaName="msemr_nutritionordersupplement" behavior="0" />
      <RootComponent type="1" schemaName="msemr_nutritionordersupplementschedule" behavior="0" />
      <RootComponent type="1" schemaName="msemr_observation" behavior="0" />
      <RootComponent type="1" schemaName="msemr_observationbasedon" behavior="0" />
      <RootComponent type="1" schemaName="msemr_observationcategory" behavior="0" />
      <RootComponent type="1" schemaName="msemr_observationcode" behavior="0" />
      <RootComponent type="1" schemaName="msemr_observationcomponent" behavior="0" />
      <RootComponent type="1" schemaName="msemr_observationcompreferencerange" behavior="0" />
      <RootComponent type="1" schemaName="msemr_observationinterpretation" behavior="0" />
      <RootComponent type="1" schemaName="msemr_observationmethod" behavior="0" />
      <RootComponent type="1" schemaName="msemr_observationperformer" behavior="0" />
      <RootComponent type="1" schemaName="msemr_observationreferencerange" behavior="0" />
      <RootComponent type="1" schemaName="msemr_observationreferencerangeappliesto" behavior="0" />
      <RootComponent type="1" schemaName="msemr_observationrelatedresource" behavior="0" />
      <RootComponent type="1" schemaName="msemr_plandefinition" behavior="0" />
      <RootComponent type="1" schemaName="msemr_plandefinitionaction" behavior="0" />
      <RootComponent type="1" schemaName="msemr_plandefinitionactionaction" behavior="0" />
      <RootComponent type="1" schemaName="msemr_plandefinitionactionartifact" behavior="0" />
      <RootComponent type="1" schemaName="msemr_plandefinitionactioncode" behavior="0" />
      <RootComponent type="1" schemaName="msemr_plandefinitionactioncondition" behavior="0" />
      <RootComponent type="1" schemaName="msemr_plandefinitionactiondynamicvalue" behavior="0" />
      <RootComponent type="1" schemaName="msemr_plandefinitionactiongoal" behavior="0" />
      <RootComponent type="1" schemaName="msemr_plandefinitionactioninput" behavior="0" />
      <RootComponent type="1" schemaName="msemr_plandefinitionactionoutput" behavior="0" />
      <RootComponent type="1" schemaName="msemr_plandefinitionactionreason" behavior="0" />
      <RootComponent type="1" schemaName="msemr_plandefinitionactionrelatedaction" behavior="0" />
      <RootComponent type="1" schemaName="msemr_plandefinitionactiontriggerdefinition" behavior="0" />
      <RootComponent type="1" schemaName="msemr_plandefinitionartifact" behavior="0" />
      <RootComponent type="1" schemaName="msemr_plandefinitioncontributor" behavior="0" />
      <RootComponent type="1" schemaName="msemr_plandefinitioncontributorcontact" behavior="0" />
      <RootComponent type="1" schemaName="msemr_plandefinitiongoal" behavior="0" />
      <RootComponent type="1" schemaName="msemr_plandefinitiongoaladdresses" behavior="0" />
      <RootComponent type="1" schemaName="msemr_plandefinitiongoalartifact" behavior="0" />
      <RootComponent type="1" schemaName="msemr_plandefinitiongoaltarget" behavior="0" />
      <RootComponent type="1" schemaName="msemr_plandefinitionjurisdiction" behavior="0" />
      <RootComponent type="1" schemaName="msemr_plandefinitionlibrary" behavior="0" />
      <RootComponent type="1" schemaName="msemr_plandefinitionparticipant" behavior="0" />
      <RootComponent type="1" schemaName="msemr_plandefinitiontopic" behavior="0" />
      <RootComponent type="1" schemaName="msemr_plandefinitionusecontext" behavior="0" />
      <RootComponent type="1" schemaName="msemr_practitionerqualification" behavior="0" />
      <RootComponent type="1" schemaName="msemr_practitionerrole" behavior="0" />
      <RootComponent type="1" schemaName="msemr_practitionerroleavailabletime" behavior="0" />
      <RootComponent type="1" schemaName="msemr_practitionerrolecode" behavior="0" />
      <RootComponent type="1" schemaName="msemr_practitionerroleendpoint" behavior="0" />
      <RootComponent type="1" schemaName="msemr_practitionerrolehealthcareservice" behavior="0" />
      <RootComponent type="1" schemaName="msemr_practitionerrolelocation" behavior="0" />
      <RootComponent type="1" schemaName="msemr_practitionerrolespecialty" behavior="0" />
      <RootComponent type="1" schemaName="msemr_practitionerroletelecom" behavior="0" />
      <RootComponent type="1" schemaName="msemr_practitionerspecialty" behavior="0" />
      <RootComponent type="1" schemaName="msemr_procedure" behavior="0" />
      <RootComponent type="1" schemaName="msemr_procedurebasedon" behavior="0" />
      <RootComponent type="1" schemaName="msemr_procedurebodysite" behavior="0" />
      <RootComponent type="1" schemaName="msemr_procedurecode" behavior="0" />
      <RootComponent type="1" schemaName="msemr_procedurecomplication" behavior="0" />
      <RootComponent type="1" schemaName="msemr_procedurecomplicationdetail" behavior="0" />
      <RootComponent type="1" schemaName="msemr_proceduredefinition" behavior="0" />
      <RootComponent type="1" schemaName="msemr_procedurefocaldevice" behavior="0" />
      <RootComponent type="1" schemaName="msemr_procedurefollowup" behavior="0" />
      <RootComponent type="1" schemaName="msemr_procedurepartof" behavior="0" />
      <RootComponent type="1" schemaName="msemr_procedureperformer" behavior="0" />
      <RootComponent type="1" schemaName="msemr_procedurereason" behavior="0" />
      <RootComponent type="1" schemaName="msemr_procedurereasonreference" behavior="0" />
      <RootComponent type="1" schemaName="msemr_procedurereport" behavior="0" />
      <RootComponent type="1" schemaName="msemr_procedurerequest" behavior="0" />
      <RootComponent type="1" schemaName="msemr_procedurerequestbasedon" behavior="0" />
      <RootComponent type="1" schemaName="msemr_procedurerequestbodysite" behavior="0" />
      <RootComponent type="1" schemaName="msemr_procedurerequestcategory" behavior="0" />
      <RootComponent type="1" schemaName="msemr_procedurerequestdefinition" behavior="0" />
      <RootComponent type="1" schemaName="msemr_procedurerequestreasoncode" behavior="0" />
      <RootComponent type="1" schemaName="msemr_procedurerequestreasonreference" behavior="0" />
      <RootComponent type="1" schemaName="msemr_procedurerequestrelevanthistory" behavior="0" />
      <RootComponent type="1" schemaName="msemr_procedurerequestreplace" behavior="0" />
      <RootComponent type="1" schemaName="msemr_procedurerequestspecimen" behavior="0" />
      <RootComponent type="1" schemaName="msemr_procedurerequestsupportinginformation" behavior="0" />
      <RootComponent type="1" schemaName="msemr_procedureusedcode" behavior="0" />
      <RootComponent type="1" schemaName="msemr_procedureusedreference" behavior="0" />
      <RootComponent type="1" schemaName="msemr_referencerangeappliesto" behavior="0" />
      <RootComponent type="1" schemaName="msemr_referralrequest" behavior="0" />
      <RootComponent type="1" schemaName="msemr_referralrequestbasedon" behavior="0" />
      <RootComponent type="1" schemaName="msemr_referralrequestdefinition" behavior="0" />
      <RootComponent type="1" schemaName="msemr_referralrequestreasoncode" behavior="0" />
      <RootComponent type="1" schemaName="msemr_referralrequestreasonreference" behavior="0" />
      <RootComponent type="1" schemaName="msemr_referralrequestrecipient" behavior="0" />
      <RootComponent type="1" schemaName="msemr_referralrequestrelevanthistory" behavior="0" />
      <RootComponent type="1" schemaName="msemr_referralrequestreplace" behavior="0" />
      <RootComponent type="1" schemaName="msemr_referralrequestservicereq" behavior="0" />
      <RootComponent type="1" schemaName="msemr_referralrequestsupportinginformation" behavior="0" />
      <RootComponent type="1" schemaName="msemr_relatedperson" behavior="0" />
      <RootComponent type="1" schemaName="msemr_requestgroup" behavior="0" />
      <RootComponent type="1" schemaName="msemr_requestgroupaction" behavior="0" />
      <RootComponent type="1" schemaName="msemr_requestgroupactionaction" behavior="0" />
      <RootComponent type="1" schemaName="msemr_requestgroupactioncode" behavior="0" />
      <RootComponent type="1" schemaName="msemr_requestgroupactioncondition" behavior="0" />
      <RootComponent type="1" schemaName="msemr_requestgroupactiondocument" behavior="0" />
      <RootComponent type="1" schemaName="msemr_requestgroupactionparticipant" behavior="0" />
      <RootComponent type="1" schemaName="msemr_requestgroupactionrelatedaction" behavior="0" />
      <RootComponent type="1" schemaName="msemr_requestgroupbasedon" behavior="0" />
      <RootComponent type="1" schemaName="msemr_requestgroupdefinition" behavior="0" />
      <RootComponent type="1" schemaName="msemr_requestgroupreplace" behavior="0" />
      <RootComponent type="1" schemaName="msemr_riskassessment" behavior="0" />
      <RootComponent type="1" schemaName="msemr_riskassessmentbasis" behavior="0" />
      <RootComponent type="1" schemaName="msemr_riskassessmentprediction" behavior="0" />
      <RootComponent type="1" schemaName="msemr_schedule" behavior="0" />
      <RootComponent type="1" schemaName="msemr_scheduleactor" behavior="0" />
      <RootComponent type="1" schemaName="msemr_scheduleservicetype" behavior="0" />
      <RootComponent type="1" schemaName="msemr_schedulespecialty" behavior="0" />
      <RootComponent type="1" schemaName="msemr_slot" behavior="0" />
      <RootComponent type="1" schemaName="msemr_slotservicetype" behavior="0" />
      <RootComponent type="1" schemaName="msemr_slotspecialty" behavior="0" />
      <RootComponent type="1" schemaName="msemr_specimen" behavior="0" />
      <RootComponent type="1" schemaName="msemr_specimencontainer" behavior="0" />
      <RootComponent type="1" schemaName="msemr_specimenparent" behavior="0" />
      <RootComponent type="1" schemaName="msemr_specimenprocessing" behavior="0" />
      <RootComponent type="1" schemaName="msemr_specimenprocessingadditive" behavior="0" />
      <RootComponent type="1" schemaName="msemr_specimenrequest" behavior="0" />
      <RootComponent type="1" schemaName="msemr_substance" behavior="0" />
      <RootComponent type="1" schemaName="msemr_substancecategory" behavior="0" />
      <RootComponent type="1" schemaName="msemr_substanceingredient" behavior="0" />
      <RootComponent type="1" schemaName="msemr_substanceinstance" behavior="0" />
      <RootComponent type="1" schemaName="msemr_taskbasedon" behavior="0" />
      <RootComponent type="1" schemaName="msemr_taskinput" behavior="0" />
      <RootComponent type="1" schemaName="msemr_taskout" behavior="0" />
      <RootComponent type="1" schemaName="msemr_taskpartof" behavior="0" />
      <RootComponent type="1" schemaName="msemr_taskperformertype" behavior="0" />
      <RootComponent type="1" schemaName="msemr_taskrelevanthistory" behavior="0" />
      <RootComponent type="1" schemaName="msemr_taskrestrictionrecipient" behavior="0" />
      <RootComponent type="1" schemaName="msemr_timing" behavior="0" />
      <RootComponent type="1" schemaName="msemr_timingdayofweek" behavior="0" />
      <RootComponent type="1" schemaName="msemr_timingevent" behavior="0" />
      <RootComponent type="1" schemaName="msemr_timingtimeofday" behavior="0" />
      <RootComponent type="1" schemaName="msemr_timingwhen" behavior="0" />
      <RootComponent type="1" schemaName="msemr_visionprescription" behavior="0" />
      <RootComponent type="1" schemaName="msemr_visionprescriptiondispens" behavior="0" />
      <RootComponent type="1" schemaName="task" behavior="1" />
      <RootComponent type="9" schemaName="msemr_actioncardinalitybehavior" behavior="0" />
      <RootComponent type="9" schemaName="msemr_actionconditionkind" behavior="0" />
      <RootComponent type="9" schemaName="msemr_actiongroupingbehavior" behavior="0" />
      <RootComponent type="9" schemaName="msemr_actionparticipanttype" behavior="0" />
      <RootComponent type="9" schemaName="msemr_actionrequiredbehavior" behavior="0" />
      <RootComponent type="9" schemaName="msemr_actionselectionbehavior" behavior="0" />
      <RootComponent type="9" schemaName="msemr_actiontype" behavior="0" />
      <RootComponent type="9" schemaName="msemr_addresstype" behavior="0" />
      <RootComponent type="9" schemaName="msemr_addressuse" behavior="0" />
      <RootComponent type="9" schemaName="msemr_agetype" behavior="0" />
      <RootComponent type="9" schemaName="msemr_appointmentstatus" behavior="0" />
      <RootComponent type="9" schemaName="msemr_appointmenttype" behavior="0" />
      <RootComponent type="9" schemaName="msemr_artifacttype" behavior="0" />
      <RootComponent type="9" schemaName="msemr_borntype" behavior="0" />
      <RootComponent type="9" schemaName="msemr_careplanactivitystatus" behavior="0" />
      <RootComponent type="9" schemaName="msemr_clinicalimpressionstatus" behavior="0" />
      <RootComponent type="9" schemaName="msemr_codeableconcepttype" behavior="0" />
      <RootComponent type="9" schemaName="msemr_codetype" behavior="0" />
      <RootComponent type="9" schemaName="msemr_contactpointsystem" behavior="0" />
      <RootComponent type="9" schemaName="msemr_contactpointuse" behavior="0" />
      <RootComponent type="9" schemaName="msemr_contexttype" behavior="0" />
      <RootComponent type="9" schemaName="msemr_contributortype" behavior="0" />
      <RootComponent type="9" schemaName="msemr_dayofweek" behavior="0" />
      <RootComponent type="9" schemaName="msemr_deceasedtype" behavior="0" />
      <RootComponent type="9" schemaName="msemr_devicemetriccategory" behavior="0" />
      <RootComponent type="9" schemaName="msemr_devicestatus" behavior="0" />
      <RootComponent type="9" schemaName="msemr_documenttypes" behavior="0" />
      <RootComponent type="9" schemaName="msemr_dosageratetype" behavior="0" />
      <RootComponent type="9" schemaName="msemr_dosetype" behavior="0" />
      <RootComponent type="9" schemaName="msemr_encounterclass" behavior="0" />
      <RootComponent type="9" schemaName="msemr_encounterlocationstatus" behavior="0" />
      <RootComponent type="9" schemaName="msemr_encounterstatus" behavior="0" />
      <RootComponent type="9" schemaName="msemr_endpointconnectiontype" behavior="0" />
      <RootComponent type="9" schemaName="msemr_endpointstatus" behavior="0" />
      <RootComponent type="9" schemaName="msemr_episodeofcarestatus" behavior="0" />
      <RootComponent type="9" schemaName="msemr_eventstatus" behavior="0" />
      <RootComponent type="9" schemaName="msemr_eventtiming" behavior="0" />
      <RootComponent type="9" schemaName="msemr_financialresourcestatuscodes" behavior="0" />
      <RootComponent type="9" schemaName="msemr_gender" behavior="0" />
      <RootComponent type="9" schemaName="msemr_goalcategory" behavior="0" />
      <RootComponent type="9" schemaName="msemr_goalpriority" behavior="0" />
      <RootComponent type="9" schemaName="msemr_goalstatus" behavior="0" />
      <RootComponent type="9" schemaName="msemr_locationmode" behavior="0" />
      <RootComponent type="9" schemaName="msemr_locationstatus" behavior="0" />
      <RootComponent type="9" schemaName="msemr_measurementperiodcode" behavior="0" />
      <RootComponent type="9" schemaName="msemr_measurementperiodrepeatboundstype" behavior="0" />
      <RootComponent type="9" schemaName="msemr_measurementprinciple" behavior="0" />
      <RootComponent type="9" schemaName="msemr_medicationadminstatus" behavior="0" />
      <RootComponent type="9" schemaName="msemr_medicationrequestintent" behavior="0" />
      <RootComponent type="9" schemaName="msemr_medicationrequeststatus" behavior="0" />
      <RootComponent type="9" schemaName="msemr_medicationtype" behavior="0" />
      <RootComponent type="9" schemaName="msemr_mimetype" behavior="0" />
      <RootComponent type="9" schemaName="msemr_nameuse" behavior="0" />
      <RootComponent type="9" schemaName="msemr_nutritionorderstatus" behavior="0" />
      <RootComponent type="9" schemaName="msemr_observationrelationshiptype" behavior="0" />
      <RootComponent type="9" schemaName="msemr_observationstatus" behavior="0" />
      <RootComponent type="9" schemaName="msemr_occurrencetype" behavior="0" />
      <RootComponent type="9" schemaName="msemr_operationalstatus" behavior="0" />
      <RootComponent type="9" schemaName="msemr_packageitemtype" behavior="0" />
      <RootComponent type="9" schemaName="msemr_participantactortype" behavior="0" />
      <RootComponent type="9" schemaName="msemr_participantrequired" behavior="0" />
      <RootComponent type="9" schemaName="msemr_participantstatus" behavior="0" />
      <RootComponent type="9" schemaName="msemr_participanttype" behavior="0" />
      <RootComponent type="9" schemaName="msemr_performertype" behavior="0" />
      <RootComponent type="9" schemaName="msemr_plandefinitiontype" behavior="0" />
      <RootComponent type="9" schemaName="msemr_priority" behavior="0" />
      <RootComponent type="9" schemaName="msemr_publicationstatus" behavior="0" />
      <RootComponent type="9" schemaName="msemr_reasontype" behavior="0" />
      <RootComponent type="9" schemaName="msemr_relatedactionrelationship" behavior="0" />
      <RootComponent type="9" schemaName="msemr_relatedartifacttype" behavior="0" />
      <RootComponent type="9" schemaName="msemr_requesteragenttype" behavior="0" />
      <RootComponent type="9" schemaName="msemr_requestintent" behavior="0" />
      <RootComponent type="9" schemaName="msemr_requestpriority" behavior="0" />
      <RootComponent type="9" schemaName="msemr_requeststatus" behavior="0" />
      <RootComponent type="9" schemaName="msemr_riskprobability" behavior="0" />
      <RootComponent type="9" schemaName="msemr_specimenstatus" behavior="0" />
      <RootComponent type="9" schemaName="msemr_subjecttype" behavior="0" />
      <RootComponent type="9" schemaName="msemr_substancestatus" behavior="0" />
      <RootComponent type="9" schemaName="msemr_taskstatus" behavior="0" />
      <RootComponent type="9" schemaName="msemr_telecomsystem" behavior="0" />
      <RootComponent type="9" schemaName="msemr_telecomuse" behavior="0" />
      <RootComponent type="9" schemaName="msemr_timingabbreviation" behavior="0" />
      <RootComponent type="9" schemaName="msemr_timingtype" behavior="0" />
      <RootComponent type="9" schemaName="msemr_unitoftime" behavior="0" />
      <RootComponent type="9" schemaName="msemr_usagecontexttype" behavior="0" />
      <RootComponent type="9" schemaName="msemr_valuequantitycomparator" behavior="0" />
      <RootComponent type="9" schemaName="msemr_valuesampleddatatype" behavior="0" />
      <RootComponent type="9" schemaName="msemr_valuetype" behavior="0" />
      <RootComponent type="9" schemaName="msemr_valuetypequantitycomparator" behavior="0" />
      <RootComponent type="9" schemaName="msemr_visionbase" behavior="0" />
      <RootComponent type="9" schemaName="msemr_visioneyes" behavior="0" />
      <RootComponent type="60" id="{095e0370-449f-46a3-b090-41797fc38c8a}" behavior="0" />
      <RootComponent type="60" id="{0a2b3d9e-6b7b-468e-8eab-63e0ed7ae301}" behavior="0" />
      <RootComponent type="60" id="{16654191-19ad-48ca-9e46-c4b4fbdad76f}" behavior="0" />
      <RootComponent type="60" id="{2338fb83-bd2b-49c9-99fc-920cb4193e06}" behavior="0" />
      <RootComponent type="60" id="{2397c015-738a-4294-bdfe-7f22e984d1cf}" behavior="0" />
      <RootComponent type="60" id="{2925a524-7c64-4116-9ab7-25ac3cb3921b}" behavior="0" />
      <RootComponent type="60" id="{2ed6192c-465b-46b8-a8d8-84461b598d9b}" behavior="0" />
      <RootComponent type="60" id="{3281616c-730a-ea11-a811-000d3a8aaa0f}" behavior="0" />
      <RootComponent type="60" id="{3443ddf5-6773-4aaf-a521-c702d1db803b}" behavior="0" />
      <RootComponent type="60" id="{3b9d840e-86ad-4b1d-901e-fff0f3b1b071}" behavior="0" />
      <RootComponent type="60" id="{3f1b1011-d70e-4872-a7a9-9c8b60e095f8}" behavior="0" />
      <RootComponent type="60" id="{467441ba-6105-ea11-a826-000d3a1ca610}" behavior="0" />
      <RootComponent type="60" id="{50ab2baf-d7b6-4f93-b6df-7891cfdfe342}" behavior="0" />
      <RootComponent type="60" id="{521146a5-4d4c-4225-bd09-2870f2df4e60}" behavior="0" />
      <RootComponent type="60" id="{6711be19-4899-4076-9eb6-4223d43f4e15}" behavior="0" />
      <RootComponent type="60" id="{862454b2-5eef-4650-9b28-6fc6bd9ea13e}" behavior="0" />
      <RootComponent type="60" id="{8763a01a-0955-481d-b36b-6912075140fa}" behavior="0" />
      <RootComponent type="60" id="{8d63ba29-a32d-4700-891d-2b82930ac089}" behavior="0" />
      <RootComponent type="60" id="{8da1e21e-5ac1-46b1-b026-19134f20b5ca}" behavior="0" />
      <RootComponent type="60" id="{9156c454-45d0-40fe-9e95-03635c46fb90}" behavior="0" />
      <RootComponent type="60" id="{93a52545-0d8d-44b9-9d3b-36f66ddc1122}" behavior="0" />
      <RootComponent type="60" id="{97bc2670-eeb9-4b01-8b36-305f6ec785ab}" behavior="0" />
      <RootComponent type="60" id="{9be11a63-8131-49d3-8e77-bcc0201e23b4}" behavior="0" />
      <RootComponent type="60" id="{a1d1136d-22ca-462e-ba29-572edf0e4ff2}" behavior="0" />
      <RootComponent type="60" id="{a31ff07d-c418-482d-96ea-9c9c5881443a}" behavior="0" />
      <RootComponent type="60" id="{a40411d7-a8c3-4ebf-af80-ef699ea674e8}" behavior="0" />
      <RootComponent type="60" id="{c5a460ff-bdc2-4a5f-9227-a0799d63793c}" behavior="0" />
      <RootComponent type="60" id="{c95e8df7-179b-4f05-a0f4-9967fcdda652}" behavior="0" />
      <RootComponent type="60" id="{d9e04a4e-a942-474a-b637-b2967bd165c2}" behavior="0" />
      <RootComponent type="60" id="{ddb8dc93-c7cf-4260-9394-112d93d05055}" behavior="0" />
      <RootComponent type="60" id="{df5bef3a-9237-40bd-a27c-2cd7fd434706}" behavior="0" />
      <RootComponent type="60" id="{e9486f9f-8013-4a53-9c85-c9f59515a185}" behavior="0" />
      <RootComponent type="60" id="{f321d86f-3b7a-468e-9423-00c4db735a94}" behavior="0" />
      <RootComponent type="60" id="{f3eced87-85b5-4862-944d-10b507f6f67b}" behavior="0" />
      <RootComponent type="61" schemaName="msemr_/Scripts/Entities/msemr_appointmentemr.js" behavior="0" />
      <RootComponent type="61" schemaName="msemr_/Scripts/Entities/msemr_condition.js" behavior="0" />
      <RootComponent type="61" schemaName="msemr_/Scripts/Entities/msemr_medicationrequest.js" behavior="0" />
      <RootComponent type="61" schemaName="msemr_/Scripts/Entities/msemr_procedurerequest.js" behavior="0" />
      <RootComponent type="61" schemaName="msemr_/Scripts/Entities/msemr_referralrequest.js" behavior="0" />
      <RootComponent type="61" schemaName="msemr_/Scripts/Utilities/clearFieldsFromContactType.js" behavior="0" />
      <RootComponent type="61" schemaName="msemr_/welcomeScreen/healthcarehubwelcomepage.html" behavior="0" />
      <RootComponent type="61" schemaName="msemr_allergy32" behavior="0" />
      <RootComponent type="61" schemaName="msemr_allergyintoleranceicon" behavior="0" />
      <RootComponent type="61" schemaName="msemr_allergyintolerancesSVG" behavior="0" />
      <RootComponent type="61" schemaName="msemr_appointment16" behavior="0" />
      <RootComponent type="61" schemaName="msemr_appointment32" behavior="0" />
      <RootComponent type="61" schemaName="msemr_AppointmentsEMRSVG" behavior="0" />
      <RootComponent type="61" schemaName="msemr_apptemr16" behavior="0" />
      <RootComponent type="61" schemaName="msemr_apptemr32" behavior="0" />
      <RootComponent type="61" schemaName="msemr_border" behavior="0" />
      <RootComponent type="61" schemaName="msemr_cal" behavior="0" />
      <RootComponent type="61" schemaName="msemr_careplan16" behavior="0" />
      <RootComponent type="61" schemaName="msemr_careplan32" behavior="0" />
      <RootComponent type="61" schemaName="msemr_careplanactivity16" behavior="0" />
      <RootComponent type="61" schemaName="msemr_careplanactivity32" behavior="0" />
      <RootComponent type="61" schemaName="msemr_CarePlanActivitySVG" behavior="0" />
      <RootComponent type="61" schemaName="msemr_careplanapp" behavior="0" />
      <RootComponent type="61" schemaName="msemr_careplangoal16" behavior="0" />
      <RootComponent type="61" schemaName="msemr_careplangoal32" behavior="0" />
      <RootComponent type="61" schemaName="msemr_CarePlanGoalSVG" behavior="0" />
      <RootComponent type="61" schemaName="msemr_careplanSVG" behavior="0" />
      <RootComponent type="61" schemaName="msemr_careteam16" behavior="0" />
      <RootComponent type="61" schemaName="msemr_careteam32" behavior="0" />
      <RootComponent type="61" schemaName="msemr_CareTeamSVG" behavior="0" />
      <RootComponent type="61" schemaName="msemr_clinicalimpression" behavior="0" />
      <RootComponent type="61" schemaName="msemr_clinicalimpression32" behavior="0" />
      <RootComponent type="61" schemaName="msemr_clinicalimpressionapp" behavior="0" />
      <RootComponent type="61" schemaName="msemr_ClinicalImpressionSVG" behavior="0" />
      <RootComponent type="61" schemaName="msemr_contactinfoicon" behavior="0" />
      <RootComponent type="61" schemaName="msemr_Controller_js" behavior="0" />
      <RootComponent type="61" schemaName="msemr_ctc_careteam_control" behavior="0" />
      <RootComponent type="61" schemaName="msemr_ctc_careteam_control.js" behavior="0" />
      <RootComponent type="61" schemaName="msemr_ctc_careteam_svg" behavior="0" />
      <RootComponent type="61" schemaName="msemr_ctc_doctor_svg" behavior="0" />
      <RootComponent type="61" schemaName="msemr_ctc_nurse_svg" behavior="0" />
      <RootComponent type="61" schemaName="msemr_d365forhealthtile" behavior="0" />
      <RootComponent type="61" schemaName="msemr_DevciesSVG" behavior="0" />
      <RootComponent type="61" schemaName="msemr_device16" behavior="0" />
      <RootComponent type="61" schemaName="msemr_device32" behavior="0" />
      <RootComponent type="61" schemaName="msemr_deviceapp" behavior="0" />
      <RootComponent type="61" schemaName="msemr_devicesvg" behavior="0" />
      <RootComponent type="61" schemaName="msemr_Dynamics3654health" behavior="0" />
      <RootComponent type="61" schemaName="msemr_encounter16" behavior="0" />
      <RootComponent type="61" schemaName="msemr_encounter32" behavior="0" />
      <RootComponent type="61" schemaName="msemr_encounterapp" behavior="0" />
      <RootComponent type="61" schemaName="msemr_EncountersSVG" behavior="0" />
      <RootComponent type="61" schemaName="msemr_episodeofcareapp" behavior="0" />
      <RootComponent type="61" schemaName="msemr_EpisodeofCareSVG" behavior="0" />
      <RootComponent type="61" schemaName="msemr_episodesofcare16" behavior="0" />
      <RootComponent type="61" schemaName="msemr_episodesofcare32" behavior="0" />
      <RootComponent type="61" schemaName="msemr_familymember32" behavior="0" />
      <RootComponent type="61" schemaName="msemr_familymemberhistory16" behavior="0" />
      <RootComponent type="61" schemaName="msemr_harrymindset" behavior="0" />
      <RootComponent type="61" schemaName="msemr_hcservicesapp" behavior="0" />
      <RootComponent type="61" schemaName="msemr_HealthcareServicesSVG" behavior="0" />
      <RootComponent type="61" schemaName="msemr_healthservices16" behavior="0" />
      <RootComponent type="61" schemaName="msemr_hospital16" behavior="0" />
      <RootComponent type="61" schemaName="msemr_hospital32" behavior="0" />
      <RootComponent type="61" schemaName="msemr_hospitalapp" behavior="0" />
      <RootComponent type="61" schemaName="msemr_hospservices32" behavior="0" />
      <RootComponent type="61" schemaName="msemr_icon_careteam" behavior="0" />
      <RootComponent type="61" schemaName="msemr_icon_doctor" behavior="0" />
      <RootComponent type="61" schemaName="msemr_icon_nurse" behavior="0" />
      <RootComponent type="61" schemaName="msemr_jquery-ui.min" behavior="0" />
      <RootComponent type="61" schemaName="msemr_jquery-ui_css" behavior="0" />
      <RootComponent type="61" schemaName="msemr_jquery214" behavior="0" />
      <RootComponent type="61" schemaName="msemr_JSON2_JS" behavior="0" />
      <RootComponent type="61" schemaName="msemr_LocationsSVG" behavior="0" />
      <RootComponent type="61" schemaName="msemr_medadmin16" behavior="0" />
      <RootComponent type="61" schemaName="msemr_medadmin32" behavior="0" />
      <RootComponent type="61" schemaName="msemr_medicationadmin16" behavior="0" />
      <RootComponent type="61" schemaName="msemr_medicationadmin32" behavior="0" />
      <RootComponent type="61" schemaName="msemr_medicationadministrationSVG" behavior="0" />
      <RootComponent type="61" schemaName="msemr_medicationreqapp" behavior="0" />
      <RootComponent type="61" schemaName="msemr_medicationrequestapp" behavior="0" />
      <RootComponent type="61" schemaName="msemr_medicationrequestSVG" behavior="0" />
      <RootComponent type="61" schemaName="msemr_medications16" behavior="0" />
      <RootComponent type="61" schemaName="msemr_medications32" behavior="0" />
      <RootComponent type="61" schemaName="msemr_moment" behavior="0" />
      <RootComponent type="61" schemaName="msemr_nutritionorder16" behavior="0" />
      <RootComponent type="61" schemaName="msemr_nutritionorder32" behavior="0" />
      <RootComponent type="61" schemaName="msemr_NutritionOrdersSVG" behavior="0" />
      <RootComponent type="61" schemaName="msemr_observation16" behavior="0" />
      <RootComponent type="61" schemaName="msemr_observation32" behavior="0" />
      <RootComponent type="61" schemaName="msemr_observationapp" behavior="0" />
      <RootComponent type="61" schemaName="msemr_ObservationSVG" behavior="0" />
      <RootComponent type="61" schemaName="msemr_OpenEntities" behavior="0" />
      <RootComponent type="61" schemaName="msemr_Patient360Script" behavior="0" />
      <RootComponent type="61" schemaName="msemr_practitionerqualification16" behavior="0" />
      <RootComponent type="61" schemaName="msemr_practitionerqualification32" behavior="0" />
      <RootComponent type="61" schemaName="msemr_PractitionerQualificationSVG" behavior="0" />
      <RootComponent type="61" schemaName="msemr_practitionerrole16" behavior="0" />
      <RootComponent type="61" schemaName="msemr_practitionerrole32" behavior="0" />
      <RootComponent type="61" schemaName="msemr_PractitionerRoleSVG" behavior="0" />
      <RootComponent type="61" schemaName="msemr_procedure16" behavior="0" />
      <RootComponent type="61" schemaName="msemr_procedure32" behavior="0" />
      <RootComponent type="61" schemaName="msemr_ProceduresSVG" behavior="0" />
      <RootComponent type="61" schemaName="msemr_referralrequest16" behavior="0" />
      <RootComponent type="61" schemaName="msemr_referralrequest32" behavior="0" />
      <RootComponent type="61" schemaName="msemr_ReferralRequestsSVG" behavior="0" />
      <RootComponent type="61" schemaName="msemr_riskassesment32" behavior="0" />
      <RootComponent type="61" schemaName="msemr_riskassesmentapp" behavior="0" />
      <RootComponent type="61" schemaName="msemr_RiskAssessmentSVG" behavior="0" />
      <RootComponent type="61" schemaName="msemr_rsikassesment16" behavior="0" />
      <RootComponent type="61" schemaName="msemr_specimen16" behavior="0" />
      <RootComponent type="61" schemaName="msemr_specimen32" behavior="0" />
      <RootComponent type="61" schemaName="msemr_specimenapp" behavior="0" />
      <RootComponent type="61" schemaName="msemr_SpecimensSVG" behavior="0" />
      <RootComponent type="61" schemaName="msemr_tc_common_css" behavior="0" />
      <RootComponent type="61" schemaName="msemr_tc_icon_appointment_svg" behavior="0" />
      <RootComponent type="61" schemaName="msemr_tc_icon_device_svg" behavior="0" />
      <RootComponent type="61" schemaName="msemr_tc_icon_medication_svg" behavior="0" />
      <RootComponent type="61" schemaName="msemr_tc_icon_nutritionOrder_svg" behavior="0" />
      <RootComponent type="61" schemaName="msemr_tc_icon_procedure_svg" behavior="0" />
      <RootComponent type="61" schemaName="msemr_tc_icon_referral_svg" behavior="0" />
      <RootComponent type="61" schemaName="msemr_tc_icon_task_svg" behavior="0" />
      <RootComponent type="61" schemaName="msemr_tc_icon_visionPrescription_svg" behavior="0" />
      <RootComponent type="61" schemaName="msemr_tc_ithing_css" behavior="0" />
      <RootComponent type="61" schemaName="msemr_tc_jqdaterangeslider_js" behavior="0" />
      <RootComponent type="61" schemaName="msemr_tc_multiple_select_js" behavior="0" />
      <RootComponent type="61" schemaName="msemr_tc_multiselect_css" behavior="0" />
      <RootComponent type="61" schemaName="msemr_tc_multiselect_js" behavior="0" />
      <RootComponent type="61" schemaName="msemr_tc_multi_select" behavior="0" />
      <RootComponent type="61" schemaName="msemr_tc_multi_select_css" behavior="0" />
      <RootComponent type="61" schemaName="msemr_tc_timeline_control_html" behavior="0" />
      <RootComponent type="61" schemaName="msemr_ui-icons_444444_256x240" behavior="0" />
      <RootComponent type="61" schemaName="msemr_ui-icons_555555_256x240" behavior="0" />
      <RootComponent type="61" schemaName="msemr_ui-icons_777620_256x240" behavior="0" />
      <RootComponent type="61" schemaName="msemr_ui-icons_777777_256x240" behavior="0" />
      <RootComponent type="61" schemaName="msemr_ui-icons_cc0000_256x240" behavior="0" />
      <RootComponent type="61" schemaName="msemr_ui-icons_ffffff_256x240" behavior="0" />
      <RootComponent type="61" schemaName="msemr_XrmServiceToolkit_JS" behavior="0" />
      <RootComponent type="62" schemaName="msemr_DynamicsHealth365" behavior="0" />
      <RootComponent type="62" behavior="0" />
      <RootComponent type="80" schemaName="msemr_DynamicsHealth365" behavior="0" />
      <RootComponent type="91" id="{fee9a40f-4237-4087-9fd5-2483d0069b31}" schemaName="Microsoft.Dynamics.Health, Version=1.0.0.0, Culture=neutral, PublicKeyToken=20f0165d2cb5406f" behavior="0" />
      <RootComponent type="92" id="{022e3e6b-1881-e811-a839-000d3a33b56b}" behavior="0" />
      <RootComponent type="92" id="{0b7ef3de-1881-e811-a83c-000d3a33b3be}" behavior="0" />
      <RootComponent type="92" id="{18924a33-1981-e811-a83c-000d3a33b3be}" behavior="0" />
      <RootComponent type="92" id="{30831b84-1981-e811-a83f-000d3a33b3a3}" behavior="0" />
      <RootComponent type="92" id="{3c8d13cf-1881-e811-a83f-000d3a33b5cc}" behavior="0" />
      <RootComponent type="92" id="{57543d48-1981-e811-a839-000d3a33b56b}" behavior="0" />
      <RootComponent type="92" id="{5c4b3091-1981-e811-a83c-000d3a33b3be}" behavior="0" />
      <RootComponent type="92" id="{6865aa9d-1881-e811-a839-000d3a33b56b}" behavior="0" />
      <RootComponent type="92" id="{86d11461-1981-e811-a83f-000d3a33b5cc}" behavior="0" />
      <RootComponent type="92" id="{8b4ffc54-1981-e811-a83c-000d3a33b3be}" behavior="0" />
      <RootComponent type="92" id="{9262679f-1081-e811-a83f-000d3a33b1e4}" behavior="0" />
      <RootComponent type="92" id="{9e8afcc4-1881-e811-a83c-000d3a33b3be}" behavior="0" />
      <RootComponent type="92" id="{ce45aea4-1981-e811-a83f-000d3a33b1e4}" behavior="0" />
      <RootComponent type="92" id="{dd6ccb6a-1981-e811-a83f-000d3a33b1e4}" behavior="0" />
      <RootComponent type="92" id="{e6b1afc2-1081-e811-a83b-000d3a33bdbd}" behavior="0" />
      <RootComponent type="92" id="{f3a06bb5-1881-e811-a83c-000d3a33b3be}" behavior="0" />
    </RootComponents>
    <MissingDependencies>
      <MissingDependency>
        <Required key="0" type="60" displayName="account contact card" parentDisplayName="Contact" solution="msdynce_AppCommon (9.0.4.0066)" id="{29de27bc-a257-4f29-99cf-bab4a84e688f}" />
        <Dependent key="1" type="60" displayName="Organization" parentDisplayName="Account" id="{3281616c-730a-ea11-a811-000d3a8aaa0f}" />
      </MissingDependency>
      <MissingDependency>
        <Required key="2" type="66" schemaName="MscrmControls.CardFeedContainer.CardFeedContainer" displayName="MscrmControls.CardFeedContainer.CardFeedContainer" solution="BaseCustomControlsCore (9.0.2006.2027)" />
        <Dependent key="1" type="60" displayName="Organization" parentDisplayName="Account" id="{3281616c-730a-ea11-a811-000d3a8aaa0f}" />
      </MissingDependency>
      <MissingDependency>
        <Required key="3" type="60" displayName="Task" parentDisplayName="Task" solution="msdynce_Activities (9.0.1.2033)" id="{16654191-19ad-48ca-9e46-c4b4fbdad76f}" />
        <Dependent key="3" type="60" displayName="Task" parentDisplayName="Task" id="{16654191-19ad-48ca-9e46-c4b4fbdad76f}" />
      </MissingDependency>
      <MissingDependency>
        <Required key="4" type="66" schemaName="MscrmControls.Grid.GridControl" displayName="MscrmControls.Grid.GridControl" solution="BaseCustomControlsCore (9.0.2006.2027)" />
        <Dependent key="5" type="60" displayName="Patient 360" parentDisplayName="Contact" id="{521146a5-4d4c-4225-bd09-2870f2df4e60}" />
      </MissingDependency>
      <MissingDependency>
        <Required key="2" type="66" schemaName="MscrmControls.CardFeedContainer.CardFeedContainer" displayName="MscrmControls.CardFeedContainer.CardFeedContainer" solution="BaseCustomControlsCore (9.0.2006.2027)" />
        <Dependent key="5" type="60" displayName="Patient 360" parentDisplayName="Contact" id="{521146a5-4d4c-4225-bd09-2870f2df4e60}" />
      </MissingDependency>
      <MissingDependency>
        <Required key="6" type="61" schemaName="AppCommon/Contact/Contact_main_system_library.js" displayName="AppCommon/Contact/Contact_main_system_library.js" solution="msdynce_AppCommon (9.0.4.0066)" />
        <Dependent key="5" type="60" displayName="Patient 360" parentDisplayName="Contact" id="{521146a5-4d4c-4225-bd09-2870f2df4e60}" />
      </MissingDependency>
      <MissingDependency>
        <Required key="4" type="66" schemaName="MscrmControls.Grid.GridControl" displayName="MscrmControls.Grid.GridControl" solution="BaseCustomControlsCore (9.0.2006.2027)" />
        <Dependent key="7" type="60" displayName="Physician 360" parentDisplayName="Contact" id="{c95e8df7-179b-4f05-a0f4-9967fcdda652}" />
      </MissingDependency>
      <MissingDependency>
        <Required key="2" type="66" schemaName="MscrmControls.CardFeedContainer.CardFeedContainer" displayName="MscrmControls.CardFeedContainer.CardFeedContainer" solution="BaseCustomControlsCore (9.0.2006.2027)" />
        <Dependent key="7" type="60" displayName="Physician 360" parentDisplayName="Contact" id="{c95e8df7-179b-4f05-a0f4-9967fcdda652}" />
      </MissingDependency>
      <MissingDependency>
        <Required key="6" type="61" schemaName="AppCommon/Contact/Contact_main_system_library.js" displayName="AppCommon/Contact/Contact_main_system_library.js" solution="msdynce_AppCommon (9.0.4.0066)" />
        <Dependent key="7" type="60" displayName="Physician 360" parentDisplayName="Contact" id="{c95e8df7-179b-4f05-a0f4-9967fcdda652}" />
      </MissingDependency>
      <MissingDependency>
        <Required key="4" type="66" schemaName="MscrmControls.Grid.GridControl" displayName="MscrmControls.Grid.GridControl" solution="BaseCustomControlsCore (9.0.2006.2027)" />
        <Dependent key="8" type="60" displayName="PHYSICIAN 360" parentDisplayName="Contact" id="{e9486f9f-8013-4a53-9c85-c9f59515a185}" />
      </MissingDependency>
      <MissingDependency>
        <Required key="2" type="66" schemaName="MscrmControls.CardFeedContainer.CardFeedContainer" displayName="MscrmControls.CardFeedContainer.CardFeedContainer" solution="BaseCustomControlsCore (9.0.2006.2027)" />
        <Dependent key="8" type="60" displayName="PHYSICIAN 360" parentDisplayName="Contact" id="{e9486f9f-8013-4a53-9c85-c9f59515a185}" />
      </MissingDependency>
      <MissingDependency>
        <Required key="9" type="60" displayName="Account" parentDisplayName="Account" solution="msdynce_AppCommon (9.0.4.0066)" id="{8448b78f-8f42-454e-8e2a-f8196b0419af}" />
        <Dependent key="10" type="80" schemaName="msemr_DynamicsHealth365" displayName="Dynamics Health 365" />
      </MissingDependency>
      <MissingDependency>
        <Required key="11" type="61" schemaName="msdyncrm_/libs/knowledgearticlerouting/knowledgearticleroutingtounifiedmoca.html" displayName="msdyncrm_/libs/knowledgearticlerouting/knowledgearticleroutingtounifiedmoca.html" solution="msdynce_KnowledgeManagement (9.0.1.33)" />
        <Dependent key="12" type="62" schemaName="msemr_DynamicsHealth365" />
      </MissingDependency>
      <MissingDependency>
        <Required key="13" type="61" schemaName="msdyn_appmanagementcontrol" displayName="msdyn_appmanagementcontrol" solution="AppModuleWebResources (2.5)" />
        <Dependent key="12" type="62" schemaName="msemr_DynamicsHealth365" />
      </MissingDependency>
      <MissingDependency>
        <Required key="11" type="61" schemaName="msdyncrm_/libs/knowledgearticlerouting/knowledgearticleroutingtounifiedmoca.html" displayName="msdyncrm_/libs/knowledgearticlerouting/knowledgearticleroutingtounifiedmoca.html" solution="msdynce_KnowledgeManagement (9.0.1.33)" />
        <Dependent key="14" type="62" />
      </MissingDependency>
      <MissingDependency>
        <Required key="13" type="61" schemaName="msdyn_appmanagementcontrol" displayName="msdyn_appmanagementcontrol" solution="AppModuleWebResources (2.5)" />
        <Dependent key="14" type="62" />
      </MissingDependency>
      <MissingDependency>
        <Required key="15" type="61" schemaName="msdyn_/Images/Subarea_Default_Icon.png" displayName="msdyn_/Images/Subarea_Default_Icon.png" solution="AppModuleWebResources (2.5)" />
        <Dependent key="14" type="62" />
      </MissingDependency>
    </MissingDependencies>
  </SolutionManifest>
</ImportExportXml>