{"name":"d7e3f690-4b17-4c3b-bbc6-900d40846939","id":"/providers/Microsoft.Flow/flows/d7e3f690-4b17-4c3b-bbc6-900d40846939","type":"Microsoft.Flow/flows","properties":{"apiId":"/providers/Microsoft.PowerApps/apis/shared_logicflows","displayName":"Push device readings to CDS","definition":{"metadata":{"workflowEntityId":null,"creator":{"id":"3b870414-6405-4248-87d1-92c1bc49011d","type":"User","tenantId":"a0f98eff-d6fe-4a1c-8018-adb25b3267ae"},"provisioningMethod":"FromDefinition","failureAlertSubscription":true,"clientLastModifiedTime":"2019-05-28T09:01:35.3670285Z"},"$schema":"https://schema.management.azure.com/providers/Microsoft.Logic/schemas/2016-06-01/workflowdefinition.json#","contentVersion":"1.0.0.0","parameters":{"$connections":{"defaultValue":{},"type":"Object"},"$authentication":{"defaultValue":{},"type":"SecureObject"}},"triggers":{"When_a_rule_is_fired":{"metadata":{"flowSystemMetadata":{"swaggerOperationId":"Actions_Create"}},"type":"ApiConnectionWebhook","inputs":{"host":{"connection":{"name":"@parameters('$connections')['shared_iotcentral']['connectionId']"},"api":{"runtimeUrl":"https://india-001.azure-apim.net/apim/iotcentral"}},"body":{"ruleId":"dc2f2383-fee4-429c-a2c2-ecf15e28a359","type":"flow","url":"@{listCallbackUrl()}","workflow":"@workflow()"},"path":"/applications/@{encodeURIComponent('6a3d3794-b35d-490b-b621-2d3176cd36e9')}/actions/","authentication":"@parameters('$authentication')"}}},"actions":{"List_records":{"runAfter":{},"metadata":{"flowSystemMetadata":{"swaggerOperationId":"GetItems_V2"}},"type":"ApiConnection","inputs":{"host":{"connection":{"name":"@parameters('$connections')['shared_dynamicscrmonline_2']['connectionId']"},"api":{"runtimeUrl":"https://india-001.azure-apim.net/apim/dynamicscrmonline"}},"method":"get","path":"/v2/datasets/@{encodeURIComponent(encodeURIComponent('org4580b48d.crm'))}/tables/@{encodeURIComponent(encodeURIComponent('msemr_devices'))}/items","queries":{"$filter":"deviceid eq '@{triggerBody()?['device']?['id']}'","$top":1},"authentication":"@parameters('$authentication')"}},"Apply_to_each":{"foreach":"@body('List_records')?['value']","actions":{"Create_a_new_record":{"runAfter":{},"metadata":{"flowSystemMetadata":{"swaggerOperationId":"PostItem_V2"}},"type":"ApiConnection","inputs":{"host":{"connection":{"name":"@parameters('$connections')['shared_dynamicscrmonline_2']['connectionId']"},"api":{"runtimeUrl":"https://india-001.azure-apim.net/apim/dynamicscrmonline"}},"method":"post","body":{"new_name":"Data from IOT Central App","_new_device_value":"@items('Apply_to_each')?['msemr_deviceid']","_ownerid_type":"","new_readingtime":"@triggerBody()['timestamp']","_new_readingtype_label":"Heart Rate","new_readingunit":"pulses","new_readingval":"@triggerBody()?['device']?['measurements']?['telemetry']?['heartbeat']","_statuscode_label":""},"path":"/v2/datasets/@{encodeURIComponent(encodeURIComponent('org4580b48d.crm'))}/tables/@{encodeURIComponent(encodeURIComponent('new_devicedatas'))}/items","authentication":"@parameters('$authentication')"}}},"runAfter":{"List_records":["Succeeded"]},"type":"Foreach"}},"description":"Push device readings from an IOT central app to a transactional CDS"},"connectionReferences":{"shared_iotcentral":{"connectionName":"shared-iotcentral-b591f533-70d2-4bdd-92db-c69704abe828","source":"Embedded","id":"/providers/Microsoft.PowerApps/apis/shared_iotcentral","tier":"NotSpecified"},"shared_dynamicscrmonline_2":{"connectionName":"shared-dynamicscrmon-edc52d7e-3ca3-4565-8fc4-df46d44dbd32","source":"Embedded","id":"/providers/Microsoft.PowerApps/apis/shared_dynamicscrmonline","tier":"NotSpecified"}},"flowFailureAlertSubscribed":false}}